REGISTRATION_NUMBER,ELECTRIC_UTILITY_COMPANY_NAME,BASELINE_EMISSION_FACTOR,ADJUSTED_EMISSION_FACTOR,FISCAL_YEAR,MENU_ID,MENU_NAME,START_DATE,END_DATE,CREATION_DATETIME,CREATOR
0,全国平均,0.000488,,2018,,,,,,
0,全国平均,0.00047,,2019,,,,,,
0,全国平均,0.000453,,2020,,,,,,
0,全国平均,0.000453,,2021,,,,,,
1,北海道電力ネットワーク株式会社,0.000462,0.000462,2018,,,,,,
1,北海道電力ネットワーク株式会社,0.000445,0.000445,2019,,,,,,
1,北海道電力ネットワーク株式会社,0.000433,0.0004333,2020,,,,,,
1,北海道電力ネットワーク株式会社,0.000435,0.000435,2021,,,,,,
2,東北電力ネットワーク株式会社 ,0.000462,0.000462,2018,,,,,,
2,東北電力ネットワーク株式会社 ,0.000445,0.000445,2019,,,,,,
2,東北電力ネットワーク株式会社 ,0.000433,0.0004333,2020,,,,,,
2,東北電力ネットワーク株式会社 ,0.000435,0.000435,2021,,,,,,
3,東京電力パワーグリッド株式会社 ,0.000462,0.000462,2018,,,,,,
3,東京電力パワーグリッド株式会社 ,0.000445,0.000445,2019,,,,,,
3,東京電力パワーグリッド株式会社 ,0.000433,0.0004333,2020,,,,,,
3,東京電力パワーグリッド株式会社 ,0.000435,0.000435,2021,,,,,,
4,中部電力パワーグリッド株式会社,0.000462,0.000462,2018,,,,,,
4,中部電力パワーグリッド株式会社,0.000445,0.000445,2019,,,,,,
4,中部電力パワーグリッド株式会社,0.000433,0.0004333,2020,,,,,,
4,中部電力パワーグリッド株式会社,0.000435,0.000435,2021,,,,,,
5,北陸電力送配電株式会社 ,0.000462,0.000462,2018,,,,,,
5,北陸電力送配電株式会社 ,0.000445,0.000445,2019,,,,,,
5,北陸電力送配電株式会社 ,0.000433,0.0004333,2020,,,,,,
5,北陸電力送配電株式会社 ,0.000435,0.000435,2021,,,,,,
6,関西電力送配電株式会社,0.000462,0.000462,2018,,,,,,
6,関西電力送配電株式会社,0.000445,0.000445,2019,,,,,,
6,関西電力送配電株式会社,0.000433,0.0004333,2020,,,,,,
6,関西電力送配電株式会社,0.000435,0.000435,2021,,,,,,
7,中国電力ネットワーク株式会社,0.000462,0.000462,2018,,,,,,
7,中国電力ネットワーク株式会社,0.000445,0.000445,2019,,,,,,
7,中国電力ネットワーク株式会社,0.000433,0.0004333,2020,,,,,,
7,中国電力ネットワーク株式会社,0.000435,0.000435,2021,,,,,,
8,四国電力送配電株式会社,0.000462,0.000462,2018,,,,,,
8,四国電力送配電株式会社,0.000445,0.000445,2019,,,,,,
8,四国電力送配電株式会社,0.000433,0.0004333,2020,,,,,,
8,四国電力送配電株式会社,0.000435,0.000435,2021,,,,,,
9,九州電力送配電株式会社,0.000462,0.000462,2018,,,,,,
9,九州電力送配電株式会社,0.000445,0.000445,2019,,,,,,
9,九州電力送配電株式会社,0.000433,0.0004333,2020,,,,,,
9,九州電力送配電株式会社,0.000435,0.000435,2021,,,,,,
10,沖縄電力株式会社,0.000741,0.00072,2018,,,,,,
10,沖縄電力株式会社,0.000722,0.000696,2019,,,,,,
10,沖縄電力株式会社,0.000731,0.000692,2020,,,,,,
10,沖縄電力株式会社,0.000693,0.000649,2021,,,,,,
A0001,株式会社Ｆ－Ｐｏｗｅｒ,0.000508,0.000527,2018,,,,,,
A0001,株式会社Ｆ－Ｐｏｗｅｒ,0.000448,0.000513,2019,,,,,,
A0001,株式会社Ｆ－Ｐｏｗｅｒ,0.000477,0.000513,2020,,,,,,
A0001,株式会社Ｆ－Ｐｏｗｅｒ,0.000472,0.000481,2021,,,,,,
A0002,イーレックス株式会社,0.000416,0.000597,2018,,,,,,
A0002,イーレックス株式会社,0.000385,0.000825,2019,,,,,,
A0002,イーレックス株式会社,0.00047,0.000499,2020,,,,,,
A0002,イーレックス株式会社,0.000453,0.000453,2021,,,,,,
A0003,リエスパワー株式会社 ,0.000503,0,2018,,,,,,
A0003,リエスパワー株式会社 ,0.000445,0,2019,,,,,,
A0003,リエスパワー株式会社 ,0.000556,0,2020,,,,,,
A0003,リエスパワー株式会社 ,0.000368,0,2021,,,,,,
A0004,エバーグリーン・リテイリング株式会社,0.000538,0.000492,2018,,,,,,
A0004,エバーグリーン・リテイリング株式会社,0.00078,0.000731,2019,,,,,,
A0004,エバーグリーン・リテイリング株式会社,0.000619,0.000731,2020,,,,,,
A0004,エバーグリーン・リテイリング株式会社,0.000548,0.000428,2021,,,,,,
A0005,,,,2018,,,,,,
A0005,,,,2019,,,,,,
A0005,,,,2020,,,,,,
A0005,,,,2021,,,,,,
A0006,エバーグリーン・マーケティング株式会社,0.000316,0.000439,2018,,,,,,
A0006,エバーグリーン・マーケティング株式会社,0.000308,0.000432,2019,,,,,,
A0006,エバーグリーン・マーケティング株式会社,0.000435,0.000432,2020,,,,,,
A0006,エバーグリーン・マーケティング株式会社,0.000535,0.000548,2021,,,,,,
A0007,株式会社ＳＥウイングズ ,0.000477,0.00047,2018,,,,,,
A0007,株式会社ＳＥウイングズ ,0.000371,0.000378,2019,,,,,,
A0007,株式会社ＳＥウイングズ ,0.000427,0.000521,2020,,,,,,
A0007,株式会社ＳＥウイングズ ,0.000262,0.000401,2021,,,,,,
A0008,株式会社イーセル ,0.000452,0.00048,2018,,,,,,
A0008,株式会社イーセル ,0.00047,0.000482,2019,,,,,,
A0008,株式会社イーセル ,0.000458,0.000496,2020,,,,,,
A0008,株式会社イーセル ,0.000475,0.000482,2021,,,,,,
A0009,株式会社エネット,0.000426,0.00045,2018,,,,,,
A0009,株式会社エネット,0.000391,0.000408,2019,,,,,,
A0009,株式会社エネット,0.000373,0.000408,2020,,,,,,
A0009,株式会社エネット,0.000405,0.000372,2021,,,,,,
A0010,,,,2018,,,,,,
A0010,,,,2019,,,,,,
A0010,,,,2020,,,,,,
A0010,,,,2021,,,,,,
A0011,須賀川瓦斯株式会社 ,0.000481,0.000523,2018,,,,,,
A0011,須賀川瓦斯株式会社 ,0.000501,0.000509,2019,,,,,,
A0011,須賀川瓦斯株式会社 ,0.000419,0.000425,2020,,,,,,
A0011,須賀川瓦斯株式会社 ,0.000431,0.000425,2021,,,,,,
A0012,出光興産株式会社,0.000517,0.000597,2018,,,,,,
A0012,出光興産株式会社,0.000406,0.000467,2019,,,,,,
A0012,出光興産株式会社,0.000485,0.000467,2020,,,,,,
A0012,出光興産株式会社,0.000451,0.00054,2021,,,,,,
A0013,株式会社オプテージ,0.000578,0.000586,2018,,,,,,
A0013,株式会社オプテージ,0.000553,0.000566,2019,,,,,,
A0013,株式会社オプテージ,0.000557,0.000525,2020,,,,,,
A0013,株式会社オプテージ,0.000547,0.000506,2021,,,,,,
A0014,エネサーブ株式会社 ,0.000424,0.000707,2018,,,,,,
A0014,エネサーブ株式会社 ,0.000365,0.000636,2019,,,,,,
A0014,エネサーブ株式会社 ,0.000347,0.0000636,2020,,,,,,
A0014,エネサーブ株式会社 ,0.000432,0.000568,2021,,,,,,
A0015,株式会社エネワンでんき,0.000461,0.000514,2018,,,,,,
A0015,株式会社エネワンでんき,0.00048,0.000528,2019,,,,,,
A0015,株式会社エネワンでんき,0.000382,0.000528,2020,,,,,,
A0015,株式会社エネワンでんき,0.000499,0.000407,2021,,,,,,
A0016,ミツウロコグリーンエネルギー株式会社 ,0.000309,0.000474,2018,,,,,,
A0016,ミツウロコグリーンエネルギー株式会社 ,0.000334,0.000491,2019,,,,,,
A0016,ミツウロコグリーンエネルギー株式会社 ,0.000344,0.000491,2020,,,,,,
A0016,ミツウロコグリーンエネルギー株式会社 ,0.000342,0.000462,2021,,,,,,
A0017,株式会社Ｓｈａｒｅｄ　Ｅｎｅｒｇｙ,0.000621,0.000675,2018,,,,,,
A0017,株式会社Ｓｈａｒｅｄ　Ｅｎｅｒｇｙ,0.000519,0.000545,2019,,,,,,
A0017,株式会社Ｓｈａｒｅｄ　Ｅｎｅｒｇｙ,0.000504,0.000533,2020,,,,,,
A0017,株式会社Ｓｈａｒｅｄ　Ｅｎｅｒｇｙ,0.00049,0.000501,2021,,,,,,
A0018,ネクストパワーやまと株式会社 ,0.000439,0.000494,2018,,,,,,
A0018,ネクストパワーやまと株式会社 ,0.000419,0.000456,2019,,,,,,
A0018,ネクストパワーやまと株式会社 ,0.000433,0.000475,2020,,,,,,
A0018,ネクストパワーやまと株式会社 ,0.000383,0.000475,2021,,,,,,
A0019,日本テクノ株式会社,0.000343,0.000411,2018,,,,,,
A0019,日本テクノ株式会社,0.000393,0.000501,2019,,,,,,
A0019,日本テクノ株式会社,0.000424,0.000485,2020,,,,,,
A0019,日本テクノ株式会社,0.000468,0.000485,2021,,,,,,
A0020,中央電力エナジー株式会社,0.000522,0.000513,2018,,,,,,
A0020,中央電力エナジー株式会社,0.000483,0.000476,2019,,,,,,
A0020,中央電力エナジー株式会社,0.000483,0.000483,2020,,,,,,
A0020,中央電力エナジー株式会社,0.000506,0.000483,2021,,,,,,
A0021,株式会社Ｌｏｏｏｐ,0.000462,0.000539,2018,,,,,,
A0021,株式会社Ｌｏｏｏｐ,0.000498,0.000544,2019,,,,,,
A0021,株式会社Ｌｏｏｏｐ,0.000361,0.000544,2020,,,,,,
A0021,株式会社Ｌｏｏｏｐ,0.00038,0.000489,2021,,,,,,
A0022,,,,2018,,,,,,
A0022,,,,2019,,,,,,
A0022,,,,2020,,,,,,
A0022,,,,2021,,,,,,
A0023,株式会社ナンワエナジー,0.000486,0.000503,2018,,,,,,
A0023,株式会社ナンワエナジー,0.000444,0.000464,2019,,,,,,
A0023,株式会社ナンワエナジー,0.000627,0.000464,2020,,,,,,
A0023,株式会社ナンワエナジー,0.000589,0.000639,2021,,,,,,
A0024,静岡ガス＆パワー株式会社,0.000455,0.000542,2018,,,,,,
A0024,静岡ガス＆パワー株式会社,0.000499,0.00046,2019,,,,,,
A0024,静岡ガス＆パワー株式会社,0.000427,0.00046,2020,,,,,,
A0024,静岡ガス＆パワー株式会社,0.000383,0.00038,2021,,,,,,
A0025,荏原環境プラント株式会社,0.000125,0.000382,2018,,,,,,
A0025,荏原環境プラント株式会社,0.000272,0.000388,2019,,,,,,
A0025,荏原環境プラント株式会社,0.000129,0.000388,2020,,,,,,
A0025,荏原環境プラント株式会社,0.000147,0.000236,2021,,,,,,
A0026,東京エコサービス株式会社 ,0.000086,0.000077,2018,,,,,,
A0026,東京エコサービス株式会社 ,0.000052,0.000042,2019,,,,,,
A0026,東京エコサービス株式会社 ,0.000105,0.000047,2020,,,,,,
A0026,東京エコサービス株式会社 ,0.000088,0.000047,2021,,,,,,
A0027,ダイヤモンドパワー株式会社,0.000502,0.000574,2018,,,,,,
A0027,ダイヤモンドパワー株式会社,0.000447,0.000699,2019,,,,,,
A0027,ダイヤモンドパワー株式会社,0.000364,0.000699,2020,,,,,,
A0027,ダイヤモンドパワー株式会社,0.000999,0.000609,2021,,,,,,
A0028,出光グリーンパワー株式会社,0.000137,0.000324,2018,,,,,,
A0028,出光グリーンパワー株式会社,0.000288,0.000391,2019,,,,,,
A0028,出光グリーンパワー株式会社,0.000207,0.000391,2020,,,,,,
A0028,出光グリーンパワー株式会社,0.0003,0.000394,2021,,,,,,
A0029,,,,2018,,,,,,
A0029,,,,2019,,,,,,
A0029,,,,2020,,,,,,
A0029,,,,2021,,,,,,
A0030,,,,2018,,,,,,
A0030,,,,2019,,,,,,
A0030,,,,2020,,,,,,
A0030,,,,2021,,,,,,
A0031,株式会社新出光 ,0.00049,0.000511,2018,,,,,,
A0031,株式会社新出光 ,0.000492,0.000523,2019,,,,,,
A0031,株式会社新出光 ,0.000481,0.000458,2020,,,,,,
A0031,株式会社新出光 ,0.000474,0.000458,2021,,,,,,
A0032,セントラル石油瓦斯株式会社,0.000386,0.000342,2018,,,,,,
A0032,セントラル石油瓦斯株式会社,0.000551,0.000502,2019,,,,,,
A0032,セントラル石油瓦斯株式会社,0.000435,0.000381,2020,,,,,,
A0032,セントラル石油瓦斯株式会社,0.000494,0.000438,2021,,,,,,
A0033,にちほクラウド電力株式会社,0.000491,0.000554,2018,,,,,,
A0033,にちほクラウド電力株式会社,0.000497,0.000521,2019,,,,,,
A0033,にちほクラウド電力株式会社,,,2020,,,,,,
A0033,にちほクラウド電力株式会社,,,2021,,,,,,
A0034,一般財団法人泉佐野電力　,0.000387,0.000497,2018,,,,,,
A0034,一般財団法人泉佐野電力　,0.000345,0.000426,2019,,,,,,
A0034,一般財団法人泉佐野電力　,0.000351,0.000439,2020,,,,,,
A0034,一般財団法人泉佐野電力　,0.000368,0.000437,2021,,,,,,
A0035,コスモエネルギーソリューション株式会社,0.000527,0.000515,2018,,,,,,
A0035,コスモエネルギーソリューション株式会社,0.000505,0.000497,2019,,,,,,
A0035,コスモエネルギーソリューション株式会社,0.000475,0.000497,2020,,,,,,
A0035,コスモエネルギーソリューション株式会社,0.000305,0.000504,2021,,,,,,
A0036,株式会社グリーンサークル,0.000023,0.000493,2018,,,,,,
A0036,株式会社グリーンサークル,0.000026,0.000448,2019,,,,,,
A0036,株式会社グリーンサークル,0.000027,0.000484,2020,,,,,,
A0036,株式会社グリーンサークル,0.000038,0.000441,2021,,,,,,
A0037,株式会社ウエスト電力,0.000437,0.000407,2018,,,,,,
A0037,株式会社ウエスト電力,0.000465,0.000429,2019,,,,,,
A0037,株式会社ウエスト電力,0.000392,0.000429,2020,,,,,,
A0037,株式会社ウエスト電力,0.000369,0.000318,2021,,,,,,
A0038,,,,2018,,,,,,
A0038,,,,2019,,,,,,
A0038,,,,2020,,,,,,
A0038,,,,2021,,,,,,
A0039,北海道瓦斯株式会社,0.000489,0.000585,2018,,,,,,
A0039,北海道瓦斯株式会社,0.000424,0.000494,2019,,,,,,
A0039,北海道瓦斯株式会社,0.000435,0.000469,2020,,,,,,
A0039,北海道瓦斯株式会社,0.000479,0.000469,2021,,,,,,
A0040,,,,2018,,,,,,
A0040,,,,2019,,,,,,
A0040,,,,2020,,,,,,
A0040,,,,2021,,,,,,
A0041,,,,2018,,,,,,
A0041,,,,2019,,,,,,
A0041,,,,2020,,,,,,
A0041,,,,2021,,,,,,
A0042,新エネルギー開発株式会社,0.000402,0.000372,2018,,,,,,
A0042,新エネルギー開発株式会社,0.000498,0.00047,2019,,,,,,
A0042,新エネルギー開発株式会社,0.000482,0.00047,2020,,,,,,
A0042,新エネルギー開発株式会社,0.00047,0.000454,2021,,,,,,
A0043,伊藤忠エネクス株式会社 ,0.000625,0.000815,2018,,,,,,
A0043,伊藤忠エネクス株式会社 ,0.000333,0.000519,2019,,,,,,
A0043,伊藤忠エネクス株式会社 ,0.00047,0.000519,2020,,,,,,
A0043,伊藤忠エネクス株式会社 ,0.000453,0.00047,2021,,,,,,
A0044,,,,2018,,,,,,
A0044,,,,2019,,,,,,
A0044,,,,2020,,,,,,
A0044,,,,2021,,,,,,
A0045,株式会社Ｖ－Ｐｏｗｅｒ,0.000306,0.000463,2018,,,,,,
A0045,株式会社Ｖ－Ｐｏｗｅｒ,0.000347,0.000455,2019,,,,,,
A0045,株式会社Ｖ－Ｐｏｗｅｒ,0.000356,0.000455,2020,,,,,,
A0045,株式会社Ｖ－Ｐｏｗｅｒ,0.00038,0.000543,2021,,,,,,
A0046,大和エネルギー株式会社,0.000428,0.000382,2018,,,,,,
A0046,大和エネルギー株式会社,0.000442,0.000389,2019,,,,,,
A0046,大和エネルギー株式会社,0.000361,0.000389,2020,,,,,,
A0046,大和エネルギー株式会社,0.000356,0.000302,2021,,,,,,
A0047,,,,2018,,,,,,
A0047,,,,2019,,,,,,
A0047,,,,2020,,,,,,
A0047,,,,2021,,,,,,
A0048,大阪瓦斯株式会社,0.00035,0.000403,2018,,,,,,
A0048,大阪瓦斯株式会社,0.000438,0.000495,2019,,,,,,
A0048,大阪瓦斯株式会社,0.000426,0.000495,2020,,,,,,
A0048,大阪瓦斯株式会社,0.000412,0.000421,2021,,,,,,
A0049,エフビットコミュニケーションズ株式会社　,0.000551,0.000578,2018,,,,,,
A0049,エフビットコミュニケーションズ株式会社　,0.000449,0.000468,2019,,,,,,
A0049,エフビットコミュニケーションズ株式会社　,0.00047,0.000468,2020,,,,,,
A0049,エフビットコミュニケーションズ株式会社　,0.000458,0.000477,2021,,,,,,
A0050,ENEOS株式会社,0.000503,0.000494,2018,,,,,,
A0050,ENEOS株式会社,0.000462,0.000472,2019,,,,,,
A0050,ENEOS株式会社,0.000461,0.000472,2020,,,,,,
A0050,ENEOS株式会社,0.000406,0.000477,2021,,,,,,
A0051,真庭バイオエネルギー株式会社,0.000024,0.000493,2018,,,,,,
A0051,真庭バイオエネルギー株式会社,0.000061,0.00044,2019,,,,,,
A0051,真庭バイオエネルギー株式会社,0.000036,0.000783,2020,,,,,,
A0051,真庭バイオエネルギー株式会社,0.00005,0.000462,2021,,,,,,
A0052,三井物産株式会社,0.0005,0.000923,2018,,,,,,
A0052,三井物産株式会社,0.000034,0.000459,2019,,,,,,
A0052,三井物産株式会社,0.00047,0.000459,2020,,,,,,
A0052,三井物産株式会社,0.000453,0.000902,2021,,,,,,
A0053,オリックス株式会社,0.000485,0.000707,2018,,,,,,
A0053,オリックス株式会社,0.000593,0.000812,2019,,,,,,
A0053,オリックス株式会社,0.000336,0.000812,2020,,,,,,
A0053,オリックス株式会社,0.000522,0.000527,2021,,,,,,
A0054,株式会社エネサンス関東,0.000386,0.00034,2018,,,,,,
A0054,株式会社エネサンス関東,0.000556,0.000506,2019,,,,,,
A0054,株式会社エネサンス関東,0.000434,0.000379,2020,,,,,,
A0054,株式会社エネサンス関東,0.000519,0.000463,2021,,,,,,
A0055,株式会社UPDATER,0.000234,0.000441,2018,,,,,,
A0055,株式会社UPDATER,0.000064,0.000371,2019,,,,,,
A0055,株式会社UPDATER,0.000126,0.000313,2020,,,,,,
A0055,株式会社UPDATER,0.000104,0.000282,2021,,,,,,
A0056,シン・エナジー株式会社 ,0.000579,0.000592,2018,,,,,,
A0056,シン・エナジー株式会社 ,0.000534,0.000518,2019,,,,,,
A0056,シン・エナジー株式会社 ,0.000483,0.000473,2020,,,,,,
A0056,シン・エナジー株式会社 ,0.000473,0.000473,2021,,,,,,
A0057,株式会社サニックス ,0.000603,0.000706,2018,,,,,,
A0057,株式会社サニックス ,0.000488,0.00064,2019,,,,,,
A0057,株式会社サニックス ,0.000381,0.000486,2020,,,,,,
A0057,株式会社サニックス ,0.000562,0.000486,2021,,,,,,
A0058,株式会社コンシェルジュ,0.000305,0.000481,2018,,,,,,
A0058,株式会社コンシェルジュ,0.000202,0.000469,2019,,,,,,
A0058,株式会社コンシェルジュ,0.000181,0.000449,2020,,,,,,
A0058,株式会社コンシェルジュ,0.000228,0.000449,2021,,,,,,
A0059,,,,2018,,,,,,
A0059,,,,2019,,,,,,
A0059,,,,2020,,,,,,
A0059,,,,2021,,,,,,
A0060,株式会社アイ・グリッド・ソリューションズ,0.000502,0.000462,2018,,,,,,
A0060,株式会社アイ・グリッド・ソリューションズ,0.00041,0.000365,2019,,,,,,
A0060,株式会社アイ・グリッド・ソリューションズ,0.000475,0.000449,2020,,,,,,
A0060,株式会社アイ・グリッド・ソリューションズ,0.000531,0.000412,2021,,,,,,
A0061,サミットエナジー株式会社,0.000448,0.000519,2018,,,,,,
A0061,サミットエナジー株式会社,0.000426,0.000476,2019,,,,,,
A0061,サミットエナジー株式会社,0.000412,0.000365,2020,,,,,,
A0061,サミットエナジー株式会社,0.000454,0.00043,2021,,,,,,
A0062,リコージャパン株式会社,0.000489,0.000472,2018,,,,,,
A0062,リコージャパン株式会社,0.000441,0.000426,2019,,,,,,
A0062,リコージャパン株式会社,0.000484,0.000476,2020,,,,,,
A0062,リコージャパン株式会社,0.000479,0.000441,2021,,,,,,
A0063,株式会社エネルギア・ソリューション・アンド・サービス,0.000492,0.000603,2018,,,,,,
A0063,株式会社エネルギア・ソリューション・アンド・サービス,0.000634,0.000763,2019,,,,,,
A0063,株式会社エネルギア・ソリューション・アンド・サービス,0.000538,0.000426,2020,,,,,,
A0063,株式会社エネルギア・ソリューション・アンド・サービス,0.000453,0.000595,2021,,,,,,
A0064,東京ガス株式会社,0.000432,0.000398,2018,,,,,,
A0064,東京ガス株式会社,0.000396,0.000364,2019,,,,,,
A0064,東京ガス株式会社,0.000369,0.000595,2020,,,,,,
A0064,東京ガス株式会社,0.000435,0.000277,2021,,,,,,
A0065,テス・エンジニアリング株式会社,0.00024,0.000627,2018,,,,,,
A0065,テス・エンジニアリング株式会社,0.000232,0.000635,2019,,,,,,
A0065,テス・エンジニアリング株式会社,0.000191,0.000364,2020,,,,,,
A0065,テス・エンジニアリング株式会社,0.000271,0.000529,2021,,,,,,
A0066,青梅ガス株式会社,0.000578,0.000563,2018,,,,,,
A0066,青梅ガス株式会社,0.000502,0.000453,2019,,,,,,
A0066,青梅ガス株式会社,0.000447,0.000635,2020,,,,,,
A0066,青梅ガス株式会社,0.000364,0.000308,2021,,,,,,
A0067,株式会社イーネットワークシステムズ,0.000409,0.000363,2018,,,,,,
A0067,株式会社イーネットワークシステムズ,0.000442,0.000393,2019,,,,,,
A0067,株式会社イーネットワークシステムズ,0.000308,0.000392,2020,,,,,,
A0067,株式会社イーネットワークシステムズ,0.000379,0.000253,2021,,,,,,
A0068,株式会社エネアーク関東,0.00056,0.000514,2018,,,,,,
A0068,株式会社エネアーク関東,0.000684,0.000634,2019,,,,,,
A0068,株式会社エネアーク関東,0.000424,0.000393,2020,,,,,,
A0068,株式会社エネアーク関東,0.000458,0.000402,2021,,,,,,
A0069,株式会社東急パワーサプライ,0.00053,0.000491,2018,,,,,,
A0069,株式会社東急パワーサプライ,0.00053,0.00049,2019,,,,,,
A0069,株式会社東急パワーサプライ,0.000509,0.00049,2020,,,,,,
A0069,株式会社東急パワーサプライ,0.000494,0.000456,2021,,,,,,
A0070,王子・伊藤忠エネクス電力販売株式会社 ,0.000335,0.000548,2018,,,,,,
A0070,王子・伊藤忠エネクス電力販売株式会社 ,0.000343,0.00058,2019,,,,,,
A0070,王子・伊藤忠エネクス電力販売株式会社 ,0.000147,0.00058,2020,,,,,,
A0070,王子・伊藤忠エネクス電力販売株式会社 ,0.000525,0.000399,2021,,,,,,
A0071,伊藤忠商事株式会社,0.0005,0.0005,2018,,,,,,
A0071,伊藤忠商事株式会社,0.000352,0.000488,2019,,,,,,
A0071,伊藤忠商事株式会社,0.00047,0.000488,2020,,,,,,
A0071,伊藤忠商事株式会社,0.00074,0.00047,2021,,,,,,
A0072,株式会社エコスタイル,0.000419,0.000562,2018,,,,,,
A0072,株式会社エコスタイル,0.00046,0.000539,2019,,,,,,
A0072,株式会社エコスタイル,0.0004,0.000539,2020,,,,,,
A0072,株式会社エコスタイル,0.000418,0.00054,2021,,,,,,
A0073,入間ガス株式会社,0.000578,0.000563,2018,,,,,,
A0073,入間ガス株式会社,0.000502,0.000453,2019,,,,,,
A0073,入間ガス株式会社,0.000447,0.000392,2020,,,,,,
A0073,入間ガス株式会社,0.000364,0.000308,2021,,,,,,
A0074,テプコカスタマーサービス株式会社 ,0.000491,0.000507,2018,,,,,,
A0074,テプコカスタマーサービス株式会社 ,0.000514,0.000532,2019,,,,,,
A0074,テプコカスタマーサービス株式会社 ,0.00046,0.000495,2020,,,,,,
A0074,テプコカスタマーサービス株式会社 ,0.000575,0.000558,2021,,,,,,
A0075,株式会社とんでんホールディングス,0.000254,0.000523,2018,,,,,,
A0075,株式会社とんでんホールディングス,0.000331,0.000499,2019,,,,,,
A0075,株式会社とんでんホールディングス,0.000418,0.000488,2020,,,,,,
A0075,株式会社とんでんホールディングス,0.000409,0.00051,2021,,,,,,
A0076,日鉄エンジニアリング株式会社,0.000546,0.00063,2018,,,,,,
A0076,日鉄エンジニアリング株式会社,0.000598,0.000643,2019,,,,,,
A0076,日鉄エンジニアリング株式会社,0.00053,0.000643,2020,,,,,,
A0076,日鉄エンジニアリング株式会社,0.000454,0.000589,2021,,,,,,
A0077,ａｕエネルギー＆ライフ株式会社,0.000541,0.000574,2018,,,,,,
A0077,ａｕエネルギー＆ライフ株式会社,0.000515,0.00056,2019,,,,,,
A0077,ａｕエネルギー＆ライフ株式会社,0.000494,0.000417,2020,,,,,,
A0077,ａｕエネルギー＆ライフ株式会社,0.000524,0.000417,2021,,,,,,
A0078,,,,2018,,,,,,
A0078,,,,2019,,,,,,
A0078,,,,2020,,,,,,
A0078,,,,2021,,,,,,
A0079,イワタニ関東株式会社 ,0.00071,0.000702,2018,,,,,,
A0079,イワタニ関東株式会社 ,0.000688,0.000677,2019,,,,,,
A0079,イワタニ関東株式会社 ,0.000643,0.000642,2020,,,,,,
A0079,イワタニ関東株式会社 ,0.000723,0.000713,2021,,,,,,
A0080,イワタニ首都圏株式会社,0.000651,0.000657,2018,,,,,,
A0080,イワタニ首都圏株式会社,0.000686,0.000671,2019,,,,,,
A0080,イワタニ首都圏株式会社,0.000691,0.000669,2020,,,,,,
A0080,イワタニ首都圏株式会社,0.00057,0.000514,2021,,,,,,
A0081,サーラｅエナジー株式会社,0.000349,0.000476,2018,,,,,,
A0081,サーラｅエナジー株式会社,0.000491,0.000452,2019,,,,,,
A0081,サーラｅエナジー株式会社,0.000436,0.000452,2020,,,,,,
A0081,サーラｅエナジー株式会社,0.000356,0.000392,2021,,,,,,
A0082,株式会社地球クラブ,0.000264,0.000489,2018,,,,,,
A0082,株式会社地球クラブ,0.00021,0.000402,2019,,,,,,
A0082,株式会社地球クラブ,0.0001,0.000402,2020,,,,,,
A0082,株式会社地球クラブ,0.000104,0.00045,2021,,,,,,
A0083,株式会社エコア,0.000508,0.000462,2018,,,,,,
A0083,株式会社エコア,0.000629,0.000579,2019,,,,,,
A0083,株式会社エコア,0.000353,0.000299,2020,,,,,,
A0083,株式会社エコア,0.000505,0.000449,2021,,,,,,
A0084,西部瓦斯株式会社 ,0.000531,0.000497,2018,,,,,,
A0084,西部瓦斯株式会社 ,0.000456,0.000423,2019,,,,,,
A0084,西部瓦斯株式会社 ,0.000518,0.00053,2020,,,,,,
A0084,西部瓦斯株式会社 ,0.00049,0.000494,2021,,,,,,
A0085,東邦ガス株式会社,0.000633,0.00062,2018,,,,,,
A0085,東邦ガス株式会社,0.000514,0.000483,2019,,,,,,
A0085,東邦ガス株式会社,0.00046,0.000483,2020,,,,,,
A0085,東邦ガス株式会社,0.000446,0.00042,2021,,,,,,
A0086,シナネン株式会社,0.000454,0.000514,2018,,,,,,
A0086,シナネン株式会社,0.000626,0.000714,2019,,,,,,
A0086,シナネン株式会社,0.000476,0.000714,2020,,,,,,
A0086,シナネン株式会社,0.000585,0.000524,2021,,,,,,
A0087,株式会社シナジアパワー,0.000509,0.000467,2018,,,,,,
A0087,株式会社シナジアパワー,0.000506,0.000473,2019,,,,,,
A0087,株式会社シナジアパワー,0.000467,0.000473,2020,,,,,,
A0087,株式会社シナジアパワー,0.000448,0.000386,2021,,,,,,
A0088,カワサキグリーンエナジー株式会社,0.00056,0.000576,2018,,,,,,
A0088,カワサキグリーンエナジー株式会社,0.00051,0.000514,2019,,,,,,
A0088,カワサキグリーンエナジー株式会社,0.000534,0.000514,2020,,,,,,
A0088,カワサキグリーンエナジー株式会社,0.000456,0.000528,2021,,,,,,
A0089,大一ガス株式会社,0.000563,0.000566,2018,,,,,,
A0089,大一ガス株式会社,0.000494,0.000512,2019,,,,,,
A0089,大一ガス株式会社,0.000483,0.000502,2020,,,,,,
A0089,大一ガス株式会社,0.000489,0.000534,2021,,,,,,
A0090,株式会社リミックスポイント,0.0000533,0.000558,2018,,,,,,
A0090,株式会社リミックスポイント,0.000491,0.000507,2019,,,,,,
A0090,株式会社リミックスポイント,0.000489,0.000507,2020,,,,,,
A0090,株式会社リミックスポイント,0.000435,0.000485,2021,,,,,,
A0091,大阪いずみ市民生活協同組合,0.000443,0.000397,2018,,,,,,
A0091,大阪いずみ市民生活協同組合,0.000458,0.000409,2019,,,,,,
A0091,大阪いずみ市民生活協同組合,0.000396,0.000409,2020,,,,,,
A0091,大阪いずみ市民生活協同組合,0.000378,0.000304,2021,,,,,,
A0092,株式会社中海テレビ放送 ,0.000474,0.000519,2018,,,,,,
A0092,株式会社中海テレビ放送 ,0.000437,0.000519,2019,,,,,,
A0092,株式会社中海テレビ放送 ,0.00043,0.000554,2020,,,,,,
A0092,株式会社中海テレビ放送 ,0.000434,0.000522,2021,,,,,,
A0093,パシフィックパワー株式会社 ,0.000273,0.000544,2018,,,,,,
A0093,パシフィックパワー株式会社 ,0.00032,0.000613,2019,,,,,,
A0093,パシフィックパワー株式会社 ,0.000183,0.000706,2020,,,,,,
A0093,パシフィックパワー株式会社 ,0.00033,0.000888,2021,,,,,,
A0094,株式会社いちたかガスワン ,0.000579,0.00061,2018,,,,,,
A0094,株式会社いちたかガスワン ,0.000493,0.000547,2019,,,,,,
A0094,株式会社いちたかガスワン ,0.000502,0.000491,2020,,,,,,
A0094,株式会社いちたかガスワン ,0.000411,0.000491,2021,,,,,,
A0095,,,,2018,,,,,,
A0095,,,,2019,,,,,,
A0095,,,,2020,,,,,,
A0095,,,,2021,,,,,,
A0096,株式会社ジェイコムイースト,0.000428,0.000548,2018,,,,,,
A0096,株式会社ジェイコムイースト,,,2019,,,,,,
A0096,株式会社ジェイコムイースト,,,2020,,,,,,
A0096,株式会社ジェイコムイースト,,,2021,,,,,,
A0097,,,,2018,,,,,,
A0097,,,,2019,,,,,,
A0097,,,,2020,,,,,,
A0097,,,,2021,,,,,,
A0098,株式会社ジェイコムウエスト,0.000431,0.000552,2018,,,,,,
A0098,株式会社ジェイコムウエスト,0.000424,0.000505,2019,,,,,,
A0098,株式会社ジェイコムウエスト,0.000427,0.000447,2020,,,,,,
A0098,株式会社ジェイコムウエスト,0.000458,0.000476,2021,,,,,,
A0099,,,,2018,,,,,,
A0099,,,,2019,,,,,,
A0099,,,,2020,,,,,,
A0099,,,,2021,,,,,,
A0100,,,,2018,,,,,,
A0100,,,,2019,,,,,,
A0100,,,,2020,,,,,,
A0100,,,,2021,,,,,,
A0101,,,,2018,,,,,,
A0101,,,,2019,,,,,,
A0101,,,,2020,,,,,,
A0101,,,,2021,,,,,,
A0102,,,,2018,,,,,,
A0102,,,,2019,,,,,,
A0102,,,,2020,,,,,,
A0102,,,,2021,,,,,,
A0103,株式会社ジェイコム埼玉・東日本 ,0.000427,0.000547,2018,,,,,,
A0103,株式会社ジェイコム埼玉・東日本 ,0.00042,0.000501,2019,,,,,,
A0103,株式会社ジェイコム埼玉・東日本 ,0.000421,0.00048,2020,,,,,,
A0103,株式会社ジェイコム埼玉・東日本 ,0.000454,0.000495,2021,,,,,,
A0104,株式会社ジェイコム札幌,0.000435,0.000557,2018,,,,,,
A0104,株式会社ジェイコム札幌,0.000426,0.000508,2019,,,,,,
A0104,株式会社ジェイコム札幌,0.000424,0.000483,2020,,,,,,
A0104,株式会社ジェイコム札幌,0.000458,0.000499,2021,,,,,,
A0105,株式会社ジェイコム湘南・神奈川,0.000427,0.000547,2018,,,,,,
A0105,株式会社ジェイコム湘南・神奈川,0.000419,0.0005,2019,,,,,,
A0105,株式会社ジェイコム湘南・神奈川,0.00042,0.000479,2020,,,,,,
A0105,株式会社ジェイコム湘南・神奈川,0.000454,0.000494,2021,,,,,,
A0106,,,,2018,,,,,,
A0106,,,,2019,,,,,,
A0106,,,,2020,,,,,,
A0106,,,,2021,,,,,,
A0107,株式会社ジェイコム千葉,0.000427,0.000547,2018,,,,,,
A0107,株式会社ジェイコム千葉,0.000419,0.0005,2019,,,,,,
A0107,株式会社ジェイコム千葉,0.00042,0.000479,2020,,,,,,
A0107,株式会社ジェイコム千葉,0.000454,0.000494,2021,,,,,,
A0108,,,,2018,,,,,,
A0108,,,,2019,,,,,,
A0108,,,,2020,,,,,,
A0108,,,,2021,,,,,,
A0109,,,,2018,,,,,,
A0109,,,,2019,,,,,,
A0109,,,,2020,,,,,,
A0109,,,,2021,,,,,,
A0110,株式会社ジェイコム東京,0.000427,0.000547,2018,,,,,,
A0110,株式会社ジェイコム東京,0.000419,0.0005,2019,,,,,,
A0110,株式会社ジェイコム東京,0.00042,0.000479,2020,,,,,,
A0110,株式会社ジェイコム東京,0.000454,0.000466,2021,,,,,,
A0111,,,,2018,,,,,,
A0111,,,,2019,,,,,,
A0111,,,,2020,,,,,,
A0111,,,,2021,,,,,,
A0112,,,,2018,,,,,,
A0112,,,,2019,,,,,,
A0112,,,,2020,,,,,,
A0112,,,,2021,,,,,,
A0113,,,,2018,,,,,,
A0113,,,,2019,,,,,,
A0113,,,,2020,,,,,,
A0113,,,,2021,,,,,,
A0114,,,,2018,,,,,,
A0114,,,,2019,,,,,,
A0114,,,,2020,,,,,,
A0114,,,,2021,,,,,,
A0115,,,,2018,,,,,,
A0115,,,,2019,,,,,,
A0115,,,,2020,,,,,,
A0115,,,,2021,,,,,,
A0116,,,,2018,,,,,,
A0116,,,,2019,,,,,,
A0116,,,,2020,,,,,,
A0116,,,,2021,,,,,,
A0117,,,,2018,,,,,,
A0117,,,,2019,,,,,,
A0117,,,,2020,,,,,,
A0117,,,,2021,,,,,,
A0118,,,,2018,,,,,,
A0118,,,,2019,,,,,,
A0118,,,,2020,,,,,,
A0118,,,,2021,,,,,,
A0119,土浦ケーブルテレビ株式会社 ,0.000427,0.000547,2018,,,,,,
A0119,土浦ケーブルテレビ株式会社 ,0.000419,0.0005,2019,,,,,,
A0119,土浦ケーブルテレビ株式会社 ,0.00042,0.000479,2020,,,,,,
A0119,土浦ケーブルテレビ株式会社 ,0.000454,0.000494,2021,,,,,,
A0120,鹿児島電力株式会社,0.000548,0.000502,2018,,,,,,
A0120,鹿児島電力株式会社,0.000474,0.000425,2019,,,,,,
A0120,鹿児島電力株式会社,0.000497,0.000442,2020,,,,,,
A0120,鹿児島電力株式会社,0.000491,0.000435,2021,,,,,,
A0121,太陽ガス株式会社,0.000503,0.000536,2018,,,,,,
A0121,太陽ガス株式会社,0.000518,0.000538,2019,,,,,,
A0121,太陽ガス株式会社,0.000479,0.000492,2020,,,,,,
A0121,太陽ガス株式会社,0.000444,0.000477,2021,,,,,,
A0122,アーバンエナジー株式会社,0.000253,0.000411,2018,,,,,,
A0122,アーバンエナジー株式会社,0.000253,0.00045,2019,,,,,,
A0122,アーバンエナジー株式会社,0.000215,0.00045,2020,,,,,,
A0122,アーバンエナジー株式会社,0.000241,0.000436,2021,,,,,,
A0123,パワーネクスト株式会社,0.0005,0.0005,2018,,,,,,
A0123,パワーネクスト株式会社,0.000488,0.000512,2019,,,,,,
A0123,パワーネクスト株式会社,0.00047,0.000608,2020,,,,,,
A0123,パワーネクスト株式会社,0.000007,0.000453,2021,,,,,,
A0124,合同会社北上新電力,0.000201,0.000735,2018,,,,,,
A0124,合同会社北上新電力,0.0002,0.000703,2019,,,,,,
A0124,合同会社北上新電力,0.000133,0.000795,2020,,,,,,
A0124,合同会社北上新電力,0.000233,0.000516,2021,,,,,,
A0125,パーパススマートパワー株式会社,0.000532,0.000486,2018,,,,,,
A0125,パーパススマートパワー株式会社,0.000513,0.000463,2019,,,,,,
A0125,パーパススマートパワー株式会社,0.000525,0.00047,2020,,,,,,
A0125,パーパススマートパワー株式会社,0.000499,0.000443,2021,,,,,,
A0126,株式会社タクマエナジー,0.00004,0.000206,2018,,,,,,
A0126,株式会社タクマエナジー,0.000182,0.000264,2019,,,,,,
A0126,株式会社タクマエナジー,0.000087,0.000264,2020,,,,,,
A0126,株式会社タクマエナジー,0.000038,0.000352,2021,,,,,,
A0127,株式会社スマートテック,0.000486,0.000499,2018,,,,,,
A0127,株式会社スマートテック,0.000406,0.000485,2019,,,,,,
A0127,株式会社スマートテック,0.000192,0.000485,2020,,,,,,
A0127,株式会社スマートテック,0.000323,0.000289,2021,,,,,,
A0128,水戸電力株式会社,0.000411,0.000405,2018,,,,,,
A0128,水戸電力株式会社,0.000397,0.000363,2019,,,,,,
A0128,水戸電力株式会社,0.000398,0.00043,2020,,,,,,
A0128,水戸電力株式会社,0.000389,0.000423,2021,,,,,,
A0129,,,,2018,,,,,,
A0129,,,,2019,,,,,,
A0129,,,,2020,,,,,,
A0129,,,,2021,,,,,,
A0130,丸紅新電力株式会社,0.000442,0.000542,2018,,,,,,
A0130,丸紅新電力株式会社,0.000308,0.000484,2019,,,,,,
A0130,丸紅新電力株式会社,0.000379,0.000484,2020,,,,,,
A0130,丸紅新電力株式会社,0.000464,0.000496,2021,,,,,,
A0131,,,,2018,,,,,,
A0131,,,,2019,,,,,,
A0131,,,,2020,,,,,,
A0131,,,,2021,,,,,,
A0132,,,,2018,,,,,,
A0132,,,,2019,,,,,,
A0132,,,,2020,,,,,,
A0132,,,,2021,,,,,,
A0133,奈良電力株式会社,0.000562,0.000561,2018,,,,,,
A0133,奈良電力株式会社,0.000542,0.000526,2019,,,,,,
A0133,奈良電力株式会社,0.000529,0.00053,2020,,,,,,
A0133,奈良電力株式会社,0.000505,0.000508,2021,,,,,,
A0134,日立造船株式会社,0.000054,0.000175,2018,,,,,,
A0134,日立造船株式会社,0.000137,0.000184,2019,,,,,,
A0134,日立造船株式会社,0.000082,0.000184,2020,,,,,,
A0134,日立造船株式会社,0.000175,0.000017,2021,,,,,,
A0135,大東ガス株式会社,0.000578,0.000563,2018,,,,,,
A0135,大東ガス株式会社,0.000502,0.000453,2019,,,,,,
A0135,大東ガス株式会社,0.000447,0.000453,2020,,,,,,
A0135,大東ガス株式会社,0.000364,0.000392,2021,,,,,,
A0136,パナソニックオペレーショナルエクセレンス株式会社,0.00028,0.000525,2018,,,,,,
A0136,パナソニックオペレーショナルエクセレンス株式会社,0.000442,0.000679,2019,,,,,,
A0136,パナソニックオペレーショナルエクセレンス株式会社,0.000238,0.000679,2020,,,,,,
A0136,パナソニックオペレーショナルエクセレンス株式会社,0.000384,0.000447,2021,,,,,,
A0137,アストモスエネルギー株式会社 ,0.000568,0.00057,2018,,,,,,
A0137,アストモスエネルギー株式会社 ,0.000462,0.000455,2019,,,,,,
A0137,アストモスエネルギー株式会社 ,0.000507,0.000541,2020,,,,,,
A0137,アストモスエネルギー株式会社 ,0.000514,0.000574,2021,,,,,,
A0138,株式会社関電エネルギーソリューション,0.000384,0.000707,2018,,,,,,
A0138,株式会社関電エネルギーソリューション,0.000523,0.000664,2019,,,,,,
A0138,株式会社関電エネルギーソリューション,0.000503,0.000664,2020,,,,,,
A0138,株式会社関電エネルギーソリューション,0.00051,0.000533,2021,,,,,,
A0139,,,,2018,,,,,,
A0139,,,,2019,,,,,,
A0139,,,,2020,,,,,,
A0139,,,,2021,,,,,,
A0140,ＭＣリテールエナジー株式会社,0.000599,0.000571,2018,,,,,,
A0140,ＭＣリテールエナジー株式会社,0.000547,0.000502,2019,,,,,,
A0140,ＭＣリテールエナジー株式会社,0.000548,0.000502,2020,,,,,,
A0140,ＭＣリテールエナジー株式会社,0.000465,0.000479,2021,,,,,,
A0141,株式会社北九州パワー,0.000069,0.000038,2018,,,,,,
A0141,株式会社北九州パワー,0.00018,0.000131,2019,,,,,,
A0141,株式会社北九州パワー,0.000219,0.000385,2020,,,,,,
A0141,株式会社北九州パワー,0.000239,0.000385,2021,,,,,,
A0142,武州瓦斯株式会社,0.000578,0.000563,2018,,,,,,
A0142,武州瓦斯株式会社,0.000502,0.000453,2019,,,,,,
A0142,武州瓦斯株式会社,0.000447,0.000453,2020,,,,,,
A0142,武州瓦斯株式会社,0.000364,0.000389,2021,,,,,,
A0143,リニューアブル・ジャパン株式会社,0.000406,0.000491,2018,,,,,,
A0143,リニューアブル・ジャパン株式会社,0.000292,0.00045,2019,,,,,,
A0143,リニューアブル・ジャパン株式会社,0.000451,0.00045,2020,,,,,,
A0143,リニューアブル・ジャパン株式会社,0.000312,0.000575,2021,,,,,,
A0144,大垣ガス株式会社 ,0.000333,0.00047,2018,,,,,,
A0144,大垣ガス株式会社 ,0.000502,0.000453,2019,,,,,,
A0144,大垣ガス株式会社 ,0.000447,0.000392,2020,,,,,,
A0144,大垣ガス株式会社 ,0.000364,0.000308,2021,,,,,,
A0145,株式会社藤田商店,0.000672,0.000699,2018,,,,,,
A0145,株式会社藤田商店,0.000497,0.000504,2019,,,,,,
A0145,株式会社藤田商店,0.000529,0.000504,2020,,,,,,
A0145,株式会社藤田商店,0.000486,0.000539,2021,,,,,,
A0146,株式会社ケーブルネット下関,0.000436,0.000559,2018,,,,,,
A0146,株式会社ケーブルネット下関,0.000427,0.00051,2019,,,,,,
A0146,株式会社ケーブルネット下関,0.000426,0.000486,2020,,,,,,
A0146,株式会社ケーブルネット下関,0.000458,0.0005,2021,,,,,,
A0147,株式会社ジェイコム九州,0.000434,0.000557,2018,,,,,,
A0147,株式会社ジェイコム九州,0.000427,0.000509,2019,,,,,,
A0147,株式会社ジェイコム九州,0.000429,0.000489,2020,,,,,,
A0147,株式会社ジェイコム九州,0.000461,0.000503,2021,,,,,,
A0148,,,,2018,,,,,,
A0148,,,,2019,,,,,,
A0148,,,,2020,,,,,,
A0148,,,,2021,,,,,,
A0149,株式会社グローバルエンジニアリング,0.0004,0.000562,2018,,,,,,
A0149,株式会社グローバルエンジニアリング,0.000463,0.000499,2019,,,,,,
A0149,株式会社グローバルエンジニアリング,0.000321,0.000499,2020,,,,,,
A0149,株式会社グローバルエンジニアリング,0.000543,0.000377,2021,,,,,,
A0150,九州エナジー株式会社,0.000461,0.000431,2018,,,,,,
A0150,九州エナジー株式会社,0.000457,0.000439,2019,,,,,,
A0150,九州エナジー株式会社,0.0005,0.000439,2020,,,,,,
A0150,九州エナジー株式会社,0.000476,0.000468,2021,,,,,,
A0151,株式会社トヨタエナジーソリューションズ,0.000482,0.000446,2018,,,,,,
A0151,株式会社トヨタエナジーソリューションズ,0.000502,0.000461,2019,,,,,,
A0151,株式会社トヨタエナジーソリューションズ,0.000474,0.000429,2020,,,,,,
A0151,株式会社トヨタエナジーソリューションズ,0.000433,0.000424,2021,,,,,,
A0152,,,,2018,,,,,,
A0152,,,,2019,,,,,,
A0152,,,,2020,,,,,,
A0152,,,,2021,,,,,,
A0153,株式会社エナリス・パワー・マーケティング,0.000494,0.00572,2018,,,,,,
A0153,株式会社エナリス・パワー・マーケティング,0.000454,0.000531,2019,,,,,,
A0153,株式会社エナリス・パワー・マーケティング,0.000487,0.000531,2020,,,,,,
A0153,株式会社エナリス・パワー・マーケティング,0.000452,0.000624,2021,,,,,,
A0154,歌舞伎エナジー株式会社,0.000464,0.000443,2018,,,,,,
A0154,歌舞伎エナジー株式会社,,,2019,,,,,,
A0154,歌舞伎エナジー株式会社,,,2020,,,,,,
A0154,歌舞伎エナジー株式会社,0.000528,0.000555,2021,,,,,,
A0155,みやまスマートエネルギー株式会社,0.000425,0.000452,2018,,,,,,
A0155,みやまスマートエネルギー株式会社,0.000401,0.000419,2019,,,,,,
A0155,みやまスマートエネルギー株式会社,0.000398,0.000434,2020,,,,,,
A0155,みやまスマートエネルギー株式会社,0.000413,0.000434,2021,,,,,,
A0156,エフィシエント株式会社 ,0.001094,0.0005,2018,,,,,,
A0156,エフィシエント株式会社 ,0.000488,0.000488,2019,,,,,,
A0156,エフィシエント株式会社 ,0.000129,0.000188,2020,,,,,,
A0156,エフィシエント株式会社 ,0.000453,0.000453,2021,,,,,,
A0157,株式会社生活クラブエナジー,0.000149,0.000365,2018,,,,,,
A0157,株式会社生活クラブエナジー,0.000177,0.000395,2019,,,,,,
A0157,株式会社生活クラブエナジー,0.000219,0.000395,2020,,,,,,
A0157,株式会社生活クラブエナジー,0.000068,0.000439,2021,,,,,,
A0158,生活協同組合コープこうべ,0.000275,0.000388,2018,,,,,,
A0158,生活協同組合コープこうべ,0.000283,0.000383,2019,,,,,,
A0158,生活協同組合コープこうべ,0.000276,0.000365,2020,,,,,,
A0158,生活協同組合コープこうべ,0.000275,0.00036,2021,,,,,,
A0159,株式会社シーエナジー,0.000451,0.000515,2018,,,,,,
A0159,株式会社シーエナジー,0.000466,0.000417,2019,,,,,,
A0159,株式会社シーエナジー,0.000427,0.000372,2020,,,,,,
A0159,株式会社シーエナジー,0.000388,0.000332,2021,,,,,,
A0160,角栄ガス株式会社,0.000578,0.000563,2018,,,,,,
A0160,角栄ガス株式会社,0.000502,0.000453,2019,,,,,,
A0160,角栄ガス株式会社,0.000447,0.000392,2020,,,,,,
A0160,角栄ガス株式会社,0.000364,0.000308,2021,,,,,,
A0161,京葉瓦斯株式会社,0.000531,0.000546,2018,,,,,,
A0161,京葉瓦斯株式会社,0.000517,0.000516,2019,,,,,,
A0161,京葉瓦斯株式会社,0.000487,0.000478,2020,,,,,,
A0161,京葉瓦斯株式会社,0.000435,0.000478,2021,,,,,,
A0162,凸版印刷株式会社,0.000516,0.000517,2018,,,,,,
A0162,凸版印刷株式会社,0.000519,0.0005,2019,,,,,,
A0162,凸版印刷株式会社,0.000492,0.000483,2020,,,,,,
A0162,凸版印刷株式会社,0.000464,0.000483,2021,,,,,,
A0163,伊勢崎ガス株式会社,0.000578,0.000563,2018,,,,,,
A0163,伊勢崎ガス株式会社,0.000502,0.000453,2019,,,,,,
A0163,伊勢崎ガス株式会社,0.000447,0.000392,2020,,,,,,
A0163,伊勢崎ガス株式会社,0.000364,0.000308,2021,,,,,,
A0164,キヤノンマーケティングジャパン株式会社,0.000557,0.00056,2018,,,,,,
A0164,キヤノンマーケティングジャパン株式会社,0.000499,0.000449,2019,,,,,,
A0164,キヤノンマーケティングジャパン株式会社,0.000446,0.000392,2020,,,,,,
A0164,キヤノンマーケティングジャパン株式会社,0.000366,0.00031,2021,,,,,,
A0165,株式会社とっとり市民電力 ,0.000436,0.00049,2018,,,,,,
A0165,株式会社とっとり市民電力 ,0.000492,0.000523,2019,,,,,,
A0165,株式会社とっとり市民電力 ,0.000323,0.000334,2020,,,,,,
A0165,株式会社とっとり市民電力 ,0.000358,0.000334,2021,,,,,,
A0166,株式会社イーエムアイ ,0.000541,0.000535,2018,,,,,,
A0166,株式会社イーエムアイ ,0.000517,0.000517,2019,,,,,,
A0166,株式会社イーエムアイ ,0.000504,0.000521,2020,,,,,,
A0166,株式会社イーエムアイ ,0.000495,0.000526,2021,,,,,,
A0167,佐野瓦斯株式会社,0.000578,0.000563,2018,,,,,,
A0167,佐野瓦斯株式会社,0.000502,0.000453,2019,,,,,,
A0167,佐野瓦斯株式会社,0.000447,0.000392,2020,,,,,,
A0167,佐野瓦斯株式会社,0.000364,0.000308,2021,,,,,,
A0168,桐生瓦斯株式会社 ,0.000578,0.000563,2018,,,,,,
A0168,桐生瓦斯株式会社 ,0.000502,0.000453,2019,,,,,,
A0168,桐生瓦斯株式会社 ,0.000447,0.000392,2020,,,,,,
A0168,桐生瓦斯株式会社 ,0.000364,0.000308,2021,,,,,,
A0169,森の電力株式会社,0.000089,0.000542,2018,,,,,,
A0169,森の電力株式会社,0.000041,0.000481,2019,,,,,,
A0169,森の電力株式会社,0.000058,0.000481,2020,,,,,,
A0169,森の電力株式会社,0.000374,0.000496,2021,,,,,,
A0170,大和ハウス工業株式会社,0.000527,0.000526,2018,,,,,,
A0170,大和ハウス工業株式会社,0.000544,0.000523,2019,,,,,,
A0170,大和ハウス工業株式会社,0.000471,0.000523,2020,,,,,,
A0170,大和ハウス工業株式会社,0.000489,0.000417,2021,,,,,,
A0171,株式会社早稲田環境研究所,0.000475,0.000429,2018,,,,,,
A0171,株式会社早稲田環境研究所,,,2019,,,,,,
A0171,株式会社早稲田環境研究所,,,2020,,,,,,
A0171,株式会社早稲田環境研究所,,,2021,,,,,,
A0172,ＨＴＢエナジー株式会社 ,0.000473,0.000577,2018,,,,,,
A0172,ＨＴＢエナジー株式会社 ,0.000444,0.000511,2019,,,,,,
A0172,ＨＴＢエナジー株式会社 ,0.000475,0.000538,2020,,,,,,
A0172,ＨＴＢエナジー株式会社 ,0.00023,0.000538,2021,,,,,,
A0173,株式会社アシストワンエナジー,0.000546,0.000538,2018,,,,,,
A0173,株式会社アシストワンエナジー,0.000518,0.000525,2019,,,,,,
A0173,株式会社アシストワンエナジー,0.000499,0.00051,2020,,,,,,
A0173,株式会社アシストワンエナジー,0.000518,0.00054,2021,,,,,,
A0174,株式会社サン・ビーム,0.000536,0.000576,2018,,,,,,
A0174,株式会社サン・ビーム,0.000502,0.000511,2019,,,,,,
A0174,株式会社サン・ビーム,0.000489,0.000465,2020,,,,,,
A0174,株式会社サン・ビーム,,,2021,,,,,,
A0175,株式会社フソウ・エナジー,0.000534,0.000556,2018,,,,,,
A0175,株式会社フソウ・エナジー,0.000497,0.000548,2019,,,,,,
A0175,株式会社フソウ・エナジー,0.000506,0.000475,2020,,,,,,
A0175,株式会社フソウ・エナジー,0.000485,0.000547,2021,,,,,,
A0176,株式会社日本エコシステム,0.00046,0.000413,2018,,,,,,
A0176,株式会社日本エコシステム,,,2019,,,,,,
A0176,株式会社日本エコシステム,,,2020,,,,,,
A0176,株式会社日本エコシステム,,,2021,,,,,,
A0177,湘南電力株式会社 ,0.000445,0.000483,2018,,,,,,
A0177,湘南電力株式会社 ,0.000442,0.000467,2019,,,,,,
A0177,湘南電力株式会社 ,0.000416,0.000467,2020,,,,,,
A0177,湘南電力株式会社 ,0.000417,0.00047,2021,,,,,,
A0178,大東建託パートナーズ株式会社 ,0.00063,0.000646,2018,,,,,,
A0178,大東建託パートナーズ株式会社 ,0.000443,0.000451,2019,,,,,,
A0178,大東建託パートナーズ株式会社 ,0.000399,0.000404,2020,,,,,,
A0178,大東建託パートナーズ株式会社 ,0.00051,0.000559,2021,,,,,,
A0179,Ｊａｐａｎ電力株式会社,0.000534,0.000533,2018,,,,,,
A0179,Ｊａｐａｎ電力株式会社,0.000509,0.000503,2019,,,,,,
A0179,Ｊａｐａｎ電力株式会社,0.000462,0.000503,2020,,,,,,
A0179,Ｊａｐａｎ電力株式会社,0.000554,0.000477,2021,,,,,,
A0180,電源開発株式会社,0.000443,0.000575,2018,,,,,,
A0180,電源開発株式会社,0.000673,0.000681,2019,,,,,,
A0180,電源開発株式会社,0.00047,0.00047,2020,,,,,,
A0180,電源開発株式会社,0.000453,0.00047,2021,,,,,,
A0181,鈴与商事株式会社,0.000471,0.000537,2018,,,,,,
A0181,鈴与商事株式会社,0.000389,0.000463,2019,,,,,,
A0181,鈴与商事株式会社,0.000303,0.000463,2020,,,,,,
A0181,鈴与商事株式会社,0.000362,0.000383,2021,,,,,,
A0182,,,,2018,,,,,,
A0182,,,,2019,,,,,,
A0182,,,,2020,,,,,,
A0182,,,,2021,,,,,,
A0183,株式会社バランスハーツ ,0.000488,0.000485,2018,,,,,,
A0183,株式会社バランスハーツ ,0.000473,0.000477,2019,,,,,,
A0183,株式会社バランスハーツ ,0.000453,0.00046,2020,,,,,,
A0183,株式会社バランスハーツ ,0.000415,0.000406,2021,,,,,,
A0184,ワタミエナジー株式会社,0.000503,0.000576,2018,,,,,,
A0184,ワタミエナジー株式会社,0.000471,0.000492,2019,,,,,,
A0184,ワタミエナジー株式会社,0.000437,0.000492,2020,,,,,,
A0184,ワタミエナジー株式会社,0.000435,0.000492,2021,,,,,,
A0185,株式会社パルシステム電力 ,0.00012,0.00059,2018,,,,,,
A0185,株式会社パルシステム電力 ,0.000366,0.000693,2019,,,,,,
A0185,株式会社パルシステム電力 ,0.000252,0.000486,2020,,,,,,
A0185,株式会社パルシステム電力 ,0.000078,0.00065,2021,,,,,,
A0186,ＳＢパワー株式会社,0.000513,0.000528,2018,,,,,,
A0186,ＳＢパワー株式会社,0.0005,0.000524,2019,,,,,,
A0186,ＳＢパワー株式会社,0.000522,0.000524,2020,,,,,,
A0186,ＳＢパワー株式会社,0.000436,0.000503,2021,,,,,,
A0187,ＮＦパワーサービス株式会社,0.000546,0.0005,2018,,,,,,
A0187,ＮＦパワーサービス株式会社,0.000518,0.000467,2019,,,,,,
A0187,ＮＦパワーサービス株式会社,0.000464,0.000467,2020,,,,,,
A0187,ＮＦパワーサービス株式会社,0.000436,0.00042,2021,,,,,,
A0188,ひおき地域エネルギー株式会社,0.00466,0.000472,2018,,,,,,
A0188,ひおき地域エネルギー株式会社,0.000433,0.000439,2019,,,,,,
A0188,ひおき地域エネルギー株式会社,0.000449,0.000439,2020,,,,,,
A0188,ひおき地域エネルギー株式会社,0.000447,0.000492,2021,,,,,,
A0189,和歌山電力株式会社,0.000549,0.000594,2018,,,,,,
A0189,和歌山電力株式会社,0.000516,0.000537,2019,,,,,,
A0189,和歌山電力株式会社,0.000496,0.000534,2020,,,,,,
A0189,和歌山電力株式会社,0.000475,0.000528,2021,,,,,,
A0190,日本瓦斯株式会社,0.000521,0.000537,2018,,,,,,
A0190,日本瓦斯株式会社,0.000472,0.000476,2019,,,,,,
A0190,日本瓦斯株式会社,0.000485,0.000498,2020,,,,,,
A0190,日本瓦斯株式会社,0.000504,0.00049,2021,,,,,,
A0191,株式会社トドック電力,0.000457,0.000528,2018,,,,,,
A0191,株式会社トドック電力,0.000558,0.000603,2019,,,,,,
A0191,株式会社トドック電力,0.000303,0.000324,2020,,,,,,
A0191,株式会社トドック電力,0.00047,0.000372,2021,,,,,,
A0192,,,,2018,,,,,,
A0192,,,,2019,,,,,,
A0192,,,,2020,,,,,,
A0192,,,,2021,,,,,,
A0193,九電みらいエナジー株式会社,0.000465,0.000424,2018,,,,,,
A0193,九電みらいエナジー株式会社,0.000417,0.000389,2019,,,,,,
A0193,九電みらいエナジー株式会社,0.000484,0.000474,2020,,,,,,
A0193,九電みらいエナジー株式会社,0.00047,0.000474,2021,,,,,,
A0194,株式会社ミツウロコヴェッセル ,0.000534,0.000488,2018,,,,,,
A0194,株式会社ミツウロコヴェッセル ,0.000662,0.000613,2019,,,,,,
A0194,株式会社ミツウロコヴェッセル ,0.000699,0.000644,2020,,,,,,
A0194,株式会社ミツウロコヴェッセル ,0.000525,0.000469,2021,,,,,,
A0195,株式会社フォレストパワー,0.000036,0.000474,2018,,,,,,
A0195,株式会社フォレストパワー,0.000038,0.000435,2019,,,,,,
A0195,株式会社フォレストパワー,0.000037,0.000435,2020,,,,,,
A0195,株式会社フォレストパワー,0.000032,0.000569,2021,,,,,,
A0196,日高都市ガス株式会社,0.000578,0.000563,2018,,,,,,
A0196,日高都市ガス株式会社,0.000502,0.000453,2019,,,,,,
A0196,日高都市ガス株式会社,0.000447,0.000392,2020,,,,,,
A0196,日高都市ガス株式会社,0.000364,0.000308,2021,,,,,,
A0197,株式会社アドバンテック,0.000721,0.000732,2018,,,,,,
A0197,株式会社アドバンテック,0.0005,0.000515,2019,,,,,,
A0197,株式会社アドバンテック,0.000488,0.000498,2020,,,,,,
A0197,株式会社アドバンテック,0.000383,0.000498,2021,,,,,,
A0198,,,,2018,,,,,,
A0198,,,,2019,,,,,,
A0198,,,,2020,,,,,,
A0198,,,,2021,,,,,,
A0199,ローカルエナジー株式会社 ,0.000303,0.000477,2018,,,,,,
A0199,ローカルエナジー株式会社 ,0.000417,0.000498,2019,,,,,,
A0199,ローカルエナジー株式会社 ,0.000313,0.000498,2020,,,,,,
A0199,ローカルエナジー株式会社 ,0.00044,0.000319,2021,,,,,,
A0200,エネックス株式会社,0.000483,0.00556,2018,,,,,,
A0200,エネックス株式会社,0.000317,0.000466,2019,,,,,,
A0200,エネックス株式会社,0.00029,0.000256,2020,,,,,,
A0200,エネックス株式会社,0.000301,0.000256,2021,,,,,,
A0201,,,,2018,,,,,,
A0201,,,,2019,,,,,,
A0201,,,,2020,,,,,,
A0201,,,,2021,,,,,,
A0202,株式会社Ｇ－Ｐｏｗｅｒ ,0,0,2018,,,,,,
A0202,株式会社Ｇ－Ｐｏｗｅｒ ,0,0,2019,,,,,,
A0202,株式会社Ｇ－Ｐｏｗｅｒ ,0,0,2020,,,,,,
A0202,株式会社Ｇ－Ｐｏｗｅｒ ,,,2021,,,,,,
A0203,株式会社レクスポート,0.000532,0.000545,2018,,,,,,
A0203,株式会社レクスポート,0.000497,0.0005,2019,,,,,,
A0203,株式会社レクスポート,0.000498,0.000482,2020,,,,,,
A0203,株式会社レクスポート,0.00041,0.000354,2021,,,,,,
A0204,なでしこ電力株式会社 ,0.00014,0.000545,2018,,,,,,
A0204,なでしこ電力株式会社 ,0.000235,0.000492,2019,,,,,,
A0204,なでしこ電力株式会社 ,0.000038,0.000414,2020,,,,,,
A0204,なでしこ電力株式会社 ,0.000034,0.000418,2021,,,,,,
A0205,,,,2018,,,,,,
A0205,,,,2019,,,,,,
A0205,,,,2020,,,,,,
A0205,,,,2021,,,,,,
A0206,日田グリーン電力株式会社,0.000029,0.00049,2018,,,,,,
A0206,日田グリーン電力株式会社,0.000026,0.000365,2019,,,,,,
A0206,日田グリーン電力株式会社,0.000032,0.000365,2020,,,,,,
A0206,日田グリーン電力株式会社,0.000037,0.000336,2021,,,,,,
A0207,株式会社津軽あっぷるパワー,0.000044,0.00502,2018,,,,,,
A0207,株式会社津軽あっぷるパワー,0.000031,0.00047,2019,,,,,,
A0207,株式会社津軽あっぷるパワー,0.000072,0.000436,2020,,,,,,
A0207,株式会社津軽あっぷるパワー,0.000015,0.000436,2021,,,,,,
A0208,株式会社花巻銀河パワー,0.000091,0.000511,2018,,,,,,
A0208,株式会社花巻銀河パワー,0.000046,0.000458,2019,,,,,,
A0208,株式会社花巻銀河パワー,0.00004,0.000429,2020,,,,,,
A0208,株式会社花巻銀河パワー,0.000013,0.000435,2021,,,,,,
A0209,埼玉ガス株式会社,0.000578,0.000563,2018,,,,,,
A0209,埼玉ガス株式会社,0.000502,0.000453,2019,,,,,,
A0209,埼玉ガス株式会社,0.000447,0.000392,2020,,,,,,
A0209,埼玉ガス株式会社,0.000364,0.000308,2021,,,,,,
A0210,宮崎パワーライン株式会社,0.000047,0.000474,2018,,,,,,
A0210,宮崎パワーライン株式会社,0.000034,0.000443,2019,,,,,,
A0210,宮崎パワーライン株式会社,0.000026,0.000454,2020,,,,,,
A0210,宮崎パワーライン株式会社,0.000043,0.000415,2021,,,,,,
A0211,株式会社パワー・オプティマイザー,0.000507,0.000524,2018,,,,,,
A0211,株式会社パワー・オプティマイザー,0.000534,0.000539,2019,,,,,,
A0211,株式会社パワー・オプティマイザー,0.000478,0.000504,2020,,,,,,
A0211,株式会社パワー・オプティマイザー,0.000478,0.000522,2021,,,,,,
A0212,,,,2018,,,,,,
A0212,,,,2019,,,,,,
A0212,,,,2020,,,,,,
A0212,,,,2021,,,,,,
A0213,株式会社ＵＳＥＮ　ＮＥＴＷＯＲＫＳ ,0.00059,0.000588,2018,,,,,,
A0213,株式会社ＵＳＥＮ　ＮＥＴＷＯＲＫＳ ,0.000486,0.000437,2019,,,,,,
A0213,株式会社ＵＳＥＮ　ＮＥＴＷＯＲＫＳ ,0.000478,0.000423,2020,,,,,,
A0213,株式会社ＵＳＥＮ　ＮＥＴＷＯＲＫＳ ,0.000468,0.000491,2021,,,,,,
A0214,株式会社ＴＴＳパワー ,0.000486,0.00044,2018,,,,,,
A0214,株式会社ＴＴＳパワー ,0.000473,0.000424,2019,,,,,,
A0214,株式会社ＴＴＳパワー ,0.000444,0.000389,2020,,,,,,
A0214,株式会社ＴＴＳパワー ,0.000475,0.000422,2021,,,,,,
A0215,株式会社パネイル,0.00063,0.000673,2018,,,,,,
A0215,株式会社パネイル,0.000501,0.000571,2019,,,,,,
A0215,株式会社パネイル,,,2020,,,,,,
A0215,株式会社パネイル,,,2021,,,,,,
A0216,株式会社岩手ウッドパワー,0.000076,0.000518,2018,,,,,,
A0216,株式会社岩手ウッドパワー,0.000118,0.000404,2019,,,,,,
A0216,株式会社岩手ウッドパワー,0.000205,0.000388,2020,,,,,,
A0216,株式会社岩手ウッドパワー,0.000453,0.000451,2021,,,,,,
A0217,里山パワーワークス株式会社,0.00011,0.000518,2018,,,,,,
A0217,里山パワーワークス株式会社,0.000266,0.00058,2019,,,,,,
A0217,里山パワーワークス株式会社,0.000284,0.000555,2020,,,,,,
A0217,里山パワーワークス株式会社,0.000453,0.000494,2021,,,,,,
A0218,株式会社中之条パワー,0.000308,0.000525,2018,,,,,,
A0218,株式会社中之条パワー,0.000299,0.000492,2019,,,,,,
A0218,株式会社中之条パワー,0.00029,0.000468,2020,,,,,,
A0218,株式会社中之条パワー,0.000327,0.000468,2021,,,,,,
A0219,株式会社TOSMO,0.000528,0.000543,2018,,,,,,
A0219,株式会社TOSMO,,,2019,,,,,,
A0219,株式会社TOSMO,,,2020,,,,,,
A0219,株式会社TOSMO,,,2021,,,,,,
A0220,日産トレーデイング株式会社 ,0.000417,0.000385,2018,,,,,,
A0220,日産トレーデイング株式会社 ,0.000382,0.000488,2019,,,,,,
A0220,日産トレーデイング株式会社 ,0.000312,0.000457,2020,,,,,,
A0220,日産トレーデイング株式会社 ,0.000518,0.000547,2021,,,,,,
A0221,株式会社エネウィル,0.000552,0.000578,2018,,,,,,
A0221,株式会社エネウィル,0.000504,0.00053,2019,,,,,,
A0221,株式会社エネウィル,0.000469,0.00053,2020,,,,,,
A0221,株式会社エネウィル,0.000408,0.000526,2021,,,,,,
A0222,Ｎｅｘｔ　Ｐｏｗｅｒ株式会社 ,0.000551,0.000571,2018,,,,,,
A0222,Ｎｅｘｔ　Ｐｏｗｅｒ株式会社 ,0.000518,0.000544,2019,,,,,,
A0222,Ｎｅｘｔ　Ｐｏｗｅｒ株式会社 ,0.000509,0.000542,2020,,,,,,
A0222,Ｎｅｘｔ　Ｐｏｗｅｒ株式会社 ,0.000721,0.000709,2021,,,,,,
A0223,伊藤忠エネクスホームライフ西日本株式会社 ,0.000631,0.000585,2018,,,,,,
A0223,伊藤忠エネクスホームライフ西日本株式会社 ,0.000655,0.000606,2019,,,,,,
A0223,伊藤忠エネクスホームライフ西日本株式会社 ,0.000346,0.000291,2020,,,,,,
A0223,伊藤忠エネクスホームライフ西日本株式会社 ,0.000469,0.000413,2021,,,,,,
A0224,,,,2018,,,,,,
A0224,,,,2019,,,,,,
A0224,,,,2020,,,,,,
A0224,,,,2021,,,,,,
A0225,東芝エネルギーシステムズ株式会社,0.000327,0.000557,2018,,,,,,
A0225,東芝エネルギーシステムズ株式会社,0.000518,0.000538,2019,,,,,,
A0225,東芝エネルギーシステムズ株式会社,,,2020,,,,,,
A0225,東芝エネルギーシステムズ株式会社,,,2021,,,,,,
A0226,グリーナ株式会社 ,0.000466,0,2018,,,,,,
A0226,グリーナ株式会社 ,0.000375,0,2019,,,,,,
A0226,グリーナ株式会社 ,0.000394,0,2020,,,,,,
A0226,グリーナ株式会社 ,0.000444,0,2021,,,,,,
A0227,はりま電力株式会社 ,0.000529,0.000531,2018,,,,,,
A0227,はりま電力株式会社 ,0.000514,0.000497,2019,,,,,,
A0227,はりま電力株式会社 ,0.000483,0.000467,2020,,,,,,
A0227,はりま電力株式会社 ,0.000495,0.000526,2021,,,,,,
A0228,株式会社浜松新電力,0.000117,0.000377,2018,,,,,,
A0228,株式会社浜松新電力,0.000103,0.00037,2019,,,,,,
A0228,株式会社浜松新電力,0.000208,0.000325,2020,,,,,,
A0228,株式会社浜松新電力,0.000045,0.000501,2021,,,,,,
A0229,ゼロワットパワー株式会社,0.000044,0.000408,2018,,,,,,
A0229,ゼロワットパワー株式会社,0.000099,0.000419,2019,,,,,,
A0229,ゼロワットパワー株式会社,0.000018,0.000419,2020,,,,,,
A0229,ゼロワットパワー株式会社,0.000025,0,2021,,,,,,
A0230,アストマックス株式会社,0.0005,0.0005,2018,,,,,,
A0230,アストマックス株式会社,0.000488,0.000488,2019,,,,,,
A0230,アストマックス株式会社,0.00047,0.00047,2020,,,,,,
A0230,アストマックス株式会社,0.000453,0.000453,2021,,,,,,
A0231,株式会社やまがた新電力,0.000141,0.000609,2018,,,,,,
A0231,株式会社やまがた新電力,0.000172,0.000534,2019,,,,,,
A0231,株式会社やまがた新電力,0.000154,0.000534,2020,,,,,,
A0231,株式会社やまがた新電力,0.000006,0.000444,2021,,,,,,
A0232, 一般社団法人東松島みらいとし機構 ,0.000346,0.000529,2018,,,,,,
A0232, 一般社団法人東松島みらいとし機構 ,0.0003,0.000517,2019,,,,,,
A0232, 一般社団法人東松島みらいとし機構 ,0.00034,0.000566,2020,,,,,,
A0232, 一般社団法人東松島みらいとし機構 ,0.000363,0.000555,2021,,,,,,
A0233,志賀高原リゾート開発株式会社,0,0.000424,2018,,,,,,
A0233,志賀高原リゾート開発株式会社,,,2019,,,,,,
A0233,志賀高原リゾート開発株式会社,,,2020,,,,,,
A0233,志賀高原リゾート開発株式会社,,,2021,,,,,,
A0234,株式会社グリーンパワー大東 ,0.000287,0.0003,2018,,,,,,
A0234,株式会社グリーンパワー大東 ,0.000173,0.000189,2019,,,,,,
A0234,株式会社グリーンパワー大東 ,0.000187,0.000196,2020,,,,,,
A0234,株式会社グリーンパワー大東 ,0.00016,0.000196,2021,,,,,,
A0235,株式会社Ｋｅｎｅｓエネルギーサービス,0.000435,0.00061,2018,,,,,,
A0235,株式会社Ｋｅｎｅｓエネルギーサービス,0.000369,0.000569,2019,,,,,,
A0235,株式会社Ｋｅｎｅｓエネルギーサービス,0.000327,0.000594,2020,,,,,,
A0235,株式会社Ｋｅｎｅｓエネルギーサービス,0.000705,0.000699,2021,,,,,,
A0236,株式会社シーラパワー,0.000443,0.000547,2018,,,,,,
A0236,株式会社シーラパワー,0.000384,0.000538,2019,,,,,,
A0236,株式会社シーラパワー,0.000418,0.000517,2020,,,,,,
A0236,株式会社シーラパワー,0.000499,0.000517,2021,,,,,,
A0237,御所野縄文電力株式会社,0.000089,0.000509,2018,,,,,,
A0237,御所野縄文電力株式会社,0.000036,0.000451,2019,,,,,,
A0237,御所野縄文電力株式会社,0.000039,0.000436,2020,,,,,,
A0237,御所野縄文電力株式会社,0.000034,0.000452,2021,,,,,,
A0238,株式会社カーボンニュートラル,0.000027,0.000484,2018,,,,,,
A0238,株式会社カーボンニュートラル,0.000017,0.000445,2019,,,,,,
A0238,株式会社カーボンニュートラル,,,2020,,,,,,
A0238,株式会社カーボンニュートラル,0.000453,0.000438,2021,,,,,,
A0239,宮古新電力株式会社 ,0.000429,0.000414,2018,,,,,,
A0239,宮古新電力株式会社 ,0.000448,0.000426,2019,,,,,,
A0239,宮古新電力株式会社 ,0.000433,0.000403,2020,,,,,,
A0239,宮古新電力株式会社 ,0.000404,0.000386,2021,,,,,,
A0240,長崎地域電力株式会社,0.000457,0.000502,2018,,,,,,
A0240,長崎地域電力株式会社,0.000441,0.000392,2019,,,,,,
A0240,長崎地域電力株式会社,0.000369,0.000342,2020,,,,,,
A0240,長崎地域電力株式会社,0.000491,0.000435,2021,,,,,,
A0241,株式会社エネアーク関西 ,0.000482,0.000436,2018,,,,,,
A0241,株式会社エネアーク関西 ,0.000503,0.000454,2019,,,,,,
A0241,株式会社エネアーク関西 ,0.000356,0.000301,2020,,,,,,
A0241,株式会社エネアーク関西 ,0.000498,0.000442,2021,,,,,,
A0242,株式会社ＮＴＴファシリティーズ,0.000576,0.000535,2018,,,,,,
A0242,株式会社ＮＴＴファシリティーズ,0.000476,0.000427,2019,,,,,,
A0242,株式会社ＮＴＴファシリティーズ,0.00035,0.000427,2020,,,,,,
A0242,株式会社ＮＴＴファシリティーズ,,,2021,,,,,,
A0243,近畿電力株式会社 ,0.00053,0.000516,2018,,,,,,
A0243,近畿電力株式会社 ,0.000504,0.000524,2019,,,,,,
A0243,近畿電力株式会社 ,0.000494,0.000519,2020,,,,,,
A0243,近畿電力株式会社 ,0.000485,0.000462,2021,,,,,,
A0244,,,,2018,,,,,,
A0244,,,,2019,,,,,,
A0244,,,,2020,,,,,,
A0244,,,,2021,,,,,,
A0245,新電力おおいた株式会社 ,0.000401,0.000491,2018,,,,,,
A0245,新電力おおいた株式会社 ,0.000432,0.00046,2019,,,,,,
A0245,新電力おおいた株式会社 ,0.000494,0.000501,2020,,,,,,
A0245,新電力おおいた株式会社 ,0.000433,0.00042,2021,,,,,,
A0246,株式会社日本セレモニー,0.000485,0.000519,2018,,,,,,
A0246,株式会社日本セレモニー,0.000489,0.000507,2019,,,,,,
A0246,株式会社日本セレモニー,0.000465,0.000484,2020,,,,,,
A0246,株式会社日本セレモニー,0.000501,0.000498,2021,,,,,,
A0247,,,,2018,,,,,,
A0247,,,,2019,,,,,,
A0247,,,,2020,,,,,,
A0247,,,,2021,,,,,,
A0248,株式会社池見石油店,0.000643,0.000634,2018,,,,,,
A0248,株式会社池見石油店,0.000551,0.000561,2019,,,,,,
A0248,株式会社池見石油店,0.000512,0.00054,2020,,,,,,
A0248,株式会社池見石油店,0.000536,0.000571,2021,,,,,,
A0249,,,,2018,,,,,,
A0249,,,,2019,,,,,,
A0249,,,,2020,,,,,,
A0249,,,,2021,,,,,,
A0250,芝浦電力株式会社 ,0.000326,0.000568,2018,,,,,,
A0250,芝浦電力株式会社 ,0.000356,0.00053,2019,,,,,,
A0250,芝浦電力株式会社 ,0.000368,0.000485,2020,,,,,,
A0250,芝浦電力株式会社 ,0.000288,0.000452,2021,,,,,,
A0251,,,,2018,,,,,,
A0251,,,,2019,,,,,,
A0251,,,,2020,,,,,,
A0251,,,,2021,,,,,,
A0252,,,,2018,,,,,,
A0252,,,,2019,,,,,,
A0252,,,,2020,,,,,,
A0252,,,,2021,,,,,,
A0253,株式会社おトクでんき ,0.000619,0.000649,2018,,,,,,
A0253,株式会社おトクでんき ,0.000486,0.000506,2019,,,,,,
A0253,株式会社おトクでんき ,0.000478,0.000504,2020,,,,,,
A0253,株式会社おトクでんき ,0.000484,0.000477,2021,,,,,,
A0254,スズカ電工株式会社,0.000478,0.000492,2018,,,,,,
A0254,スズカ電工株式会社,0.000486,0.000506,2019,,,,,,
A0254,スズカ電工株式会社,0.000464,0.000487,2020,,,,,,
A0254,スズカ電工株式会社,0.000208,0.000196,2021,,,,,,
A0255,,,,2018,,,,,,
A0255,,,,2019,,,,,,
A0255,,,,2020,,,,,,
A0255,,,,2021,,,,,,
A0256,株式会社エーコープサービス,0.000344,0.000538,2018,,,,,,
A0256,株式会社エーコープサービス,0.000372,0.000512,2019,,,,,,
A0256,株式会社エーコープサービス,0.000333,0.000418,2020,,,,,,
A0256,株式会社エーコープサービス,0.000317,0.000396,2021,,,,,,
A0257,サンリン株式会社,0.000522,0.000476,2018,,,,,,
A0257,サンリン株式会社,0.000515,0.000466,2019,,,,,,
A0257,サンリン株式会社,0.000529,0.000474,2020,,,,,,
A0257,サンリン株式会社,0.000497,0.000474,2021,,,,,,
A0258,株式会社宮崎ガスリビング ,0.000465,0.000436,2018,,,,,,
A0258,株式会社宮崎ガスリビング ,0.000401,0.000408,2019,,,,,,
A0258,株式会社宮崎ガスリビング ,0.000416,0.000396,2020,,,,,,
A0258,株式会社宮崎ガスリビング ,0.000446,0.000453,2021,,,,,,
A0259,山陰エレキ・アライアンス株式会社,0.00052,0.000474,2018,,,,,,
A0259,山陰エレキ・アライアンス株式会社,0.000489,0.00044,2019,,,,,,
A0259,山陰エレキ・アライアンス株式会社,0.000473,0.000418,2020,,,,,,
A0259,山陰エレキ・アライアンス株式会社,0.000484,0.000428,2021,,,,,,
A0260,昭和商事株式会社 ,0.000543,0.000497,2018,,,,,,
A0260,昭和商事株式会社 ,0.000479,0.00043,2019,,,,,,
A0260,昭和商事株式会社 ,0.00052,0.000465,2020,,,,,,
A0260,昭和商事株式会社 ,,,2021,,,,,,
A0261,ミライフ東日本株式会社 ,0.000574,0.000605,2018,,,,,,
A0261,ミライフ東日本株式会社 ,0.000548,0.000543,2019,,,,,,
A0261,ミライフ東日本株式会社 ,0.000566,0.000557,2020,,,,,,
A0261,ミライフ東日本株式会社 ,0.000132,0.000077,2021,,,,,,
A0262,,,,2018,,,,,,
A0262,,,,2019,,,,,,
A0262,,,,2020,,,,,,
A0262,,,,2021,,,,,,
A0263,株式会社ウッドエナジー,0,0.000521,2018,,,,,,
A0263,株式会社ウッドエナジー,0.000007,0.000391,2019,,,,,,
A0263,株式会社ウッドエナジー,0,0.000417,2020,,,,,,
A0263,株式会社ウッドエナジー,0,0.000404,2021,,,,,,
A0264,山陰酸素工業株式会社 ,0.00052,0.000474,2018,,,,,,
A0264,山陰酸素工業株式会社 ,0.000544,0.000494,2019,,,,,,
A0264,山陰酸素工業株式会社 ,0.000473,0.000418,2020,,,,,,
A0264,山陰酸素工業株式会社 ,0.000484,0.000429,2021,,,,,,
A0265,武陽ガス株式会社,0.000578,0.000563,2018,,,,,,
A0265,武陽ガス株式会社,0.000502,0.000453,2019,,,,,,
A0265,武陽ガス株式会社,0.000447,0.000392,2020,,,,,,
A0265,武陽ガス株式会社,0.000364,0.000308,2021,,,,,,
A0266,ツネイシＣバリューズ株式会社,0.000407,0.000535,2018,,,,,,
A0266,ツネイシＣバリューズ株式会社,0.000488,0.001258,2019,,,,,,
A0266,ツネイシＣバリューズ株式会社,,,2020,,,,,,
A0266,ツネイシＣバリューズ株式会社,,,2021,,,,,,
A0267,北海道電力株式会社 ,0.000643,0.000656,2018,,,,,,
A0267,北海道電力株式会社 ,0.000593,0.000601,2019,,,,,,
A0267,北海道電力株式会社 ,0.000601,0.000601,2020,,,,,,
A0267,北海道電力株式会社 ,0.000549,0.000549,2021,,,,,,
A0268,東北電力株式会社,0.000522,0.000528,2018,,,,,,
A0268,東北電力株式会社,0.000519,0.000521,2019,,,,,,
A0268,東北電力株式会社,0.000476,0.000521,2020,,,,,,
A0268,東北電力株式会社,0.000496,0.000457,2021,,,,,,
A0269,東京電力エナジーパートナー株式会社,0.000468,0.000455,2018,,,,,,
A0269,東京電力エナジーパートナー株式会社,0.000457,0.000441,2019,,,,,,
A0269,東京電力エナジーパートナー株式会社,0.000447,0.000441,2020,,,,,,
A0269,東京電力エナジーパートナー株式会社,0.000457,0.000441,2021,,,,,,
A0269,東京電力エナジーパートナー株式会社,,0.000376,2022,,,,,,
A0270,中部電力ミライズ株式会社,0.000457,0.000452,2018,,,,,,
A0270,中部電力ミライズ株式会社,0.000431,0.000424,2019,,,,,,
A0270,中部電力ミライズ株式会社,0.000406,0.000424,2020,,,,,,
A0270,中部電力ミライズ株式会社,0.000449,0.000377,2021,,,,,,
A0271,北陸電力株式会社,0.000542,0.000526,2018,,,,,,
A0271,北陸電力株式会社,0.00051,0.000497,2019,,,,,,
A0271,北陸電力株式会社,0.000469,0.000497,2020,,,,,,
A0271,北陸電力株式会社,0.00048,0.000465,2021,,,,,,
A0272,関西電力株式会社,0.000652,0.000334,2018,,,,,,
A0272,関西電力株式会社,0.00034,0.000318,2019,,,,,,
A0272,関西電力株式会社,0.000362,0.000318,2020,,,,,,
A0272,関西電力株式会社,0.000299,0.00035,2021,,,,,,
A0273,中国電力株式会社,0.000618,0.000636,2018,,,,,,
A0273,中国電力株式会社,0.000561,0.000585,2019,,,,,,
A0273,中国電力株式会社,0.000531,0.000585,2020,,,,,,
A0273,中国電力株式会社,0.000534,0.000521,2021,,,,,,
A0274,四国電力株式会社,0.0005,0.000528,2018,,,,,,
A0274,四国電力株式会社,0.000382,0.000408,2019,,,,,,
A0274,四国電力株式会社,0.00055,0.000408,2020,,,,,,
A0274,四国電力株式会社,0.000485,0.000569,2021,,,,,,
A0275,九州電力株式会社,0.000319,0.000347,2018,,,,,,
A0275,九州電力株式会社,0.000344,0.00037,2019,,,,,,
A0275,九州電力株式会社,0.000365,0.00037,2020,,,,,,
A0275,九州電力株式会社,0.000299,0.000479,2021,,,,,,
A0276,沖縄電力株式会社,0.000786,0.000769,2018,,,,,,
A0276,沖縄電力株式会社,0.00081,0.000787,2019,,,,,,
A0276,沖縄電力株式会社,0.000737,0.000705,2020,,,,,,
A0276,沖縄電力株式会社,0.000739,0.000705,2021,,,,,,
A0277,北日本石油株式会社,0.000589,0.000563,2018,,,,,,
A0277,北日本石油株式会社,0.00081,0.000388,2019,,,,,,
A0277,北日本石油株式会社,0.000446,0.000406,2020,,,,,,
A0277,北日本石油株式会社,0.000428,0.000389,2021,,,,,,
A0278,千葉電力株式会社,0.000538,0.000527,2018,,,,,,
A0278,千葉電力株式会社,0.000432,0.000431,2019,,,,,,
A0278,千葉電力株式会社,0.000526,0.000483,2020,,,,,,
A0278,千葉電力株式会社,0.000506,0.000563,2021,,,,,,
A0279,株式会社坊っちゃん電力,0.000524,0.00056,2018,,,,,,
A0279,株式会社坊っちゃん電力,0.000469,0.000469,2019,,,,,,
A0279,株式会社坊っちゃん電力,0.000521,0.000465,2020,,,,,,
A0279,株式会社坊っちゃん電力,0.000413,0.000359,2021,,,,,,
A0280,やめエネルギー株式会社 ,0.000528,0.000538,2018,,,,,,
A0280,やめエネルギー株式会社 ,0.000482,0.000494,2019,,,,,,
A0280,やめエネルギー株式会社 ,0.000487,0.000502,2020,,,,,,
A0280,やめエネルギー株式会社 ,0.000468,0.000474,2021,,,,,,
A0281,株式会社アースインフィニティ,0.000533,0.000526,2018,,,,,,
A0281,株式会社アースインフィニティ,0.000632,0.000637,2019,,,,,,
A0281,株式会社アースインフィニティ,0.000457,0.000466,2020,,,,,,
A0281,株式会社アースインフィニティ,0.000543,0.000551,2021,,,,,,
A0282,,,,2018,,,,,,
A0282,,,,2019,,,,,,
A0282,,,,2020,,,,,,
A0282,,,,2021,,,,,,
A0283,足利ガス株式会社 ,0.000578,0.000563,2018,,,,,,
A0283,足利ガス株式会社 ,0.000502,0.000453,2019,,,,,,
A0283,足利ガス株式会社 ,0.000447,0.000392,2020,,,,,,
A0283,足利ガス株式会社 ,0.000364,0.000308,2021,,,,,,
A0284,株式会社Ｍｉｓｕｍｉ,0.000417,0.000371,2018,,,,,,
A0284,株式会社Ｍｉｓｕｍｉ,0.000409,0.00036,2019,,,,,,
A0284,株式会社Ｍｉｓｕｍｉ,0.000308,0.000253,2020,,,,,,
A0284,株式会社Ｍｉｓｕｍｉ,0.000379,0.000323,2021,,,,,,
A0285,米子瓦斯株式会社,0.00052,0.000474,2018,,,,,,
A0285,米子瓦斯株式会社,0.000489,0.00044,2019,,,,,,
A0285,米子瓦斯株式会社,0.000472,0.000418,2020,,,,,,
A0285,米子瓦斯株式会社,0.000484,0.000428,2021,,,,,,
A0286,株式会社エルピオ,0.000536,0.000506,2018,,,,,,
A0286,株式会社エルピオ,0.000661,0.000612,2019,,,,,,
A0286,株式会社エルピオ,0.000488,0.000433,2020,,,,,,
A0286,株式会社エルピオ,0.000487,0.000502,2021,,,,,,
A0287,浜田ガス株式会社,0.00052,0.000474,2018,,,,,,
A0287,浜田ガス株式会社,0.000489,0.00044,2019,,,,,,
A0287,浜田ガス株式会社,0.000471,0.000416,2020,,,,,,
A0287,浜田ガス株式会社,0.000484,0.000429,2021,,,,,,
A0288,株式会社アメニティ電力 ,0.000483,0.0005,2018,,,,,,
A0288,株式会社アメニティ電力 ,0.000448,0.000447,2019,,,,,,
A0288,株式会社アメニティ電力 ,0.00047,0.000486,2020,,,,,,
A0288,株式会社アメニティ電力 ,0.00049,0.000526,2021,,,,,,
A0289,新電力フロンティア株式会社 ,0.00054,0.000581,2018,,,,,,
A0289,新電力フロンティア株式会社 ,0.000515,0.000539,2019,,,,,,
A0289,新電力フロンティア株式会社 ,0.000511,0.000533,2020,,,,,,
A0289,新電力フロンティア株式会社 ,,,2021,,,,,,
A0290,ふくのしま電力株式会社,0.000549,0.000575,2018,,,,,,
A0290,ふくのしま電力株式会社,0.000515,0.000525,2019,,,,,,
A0290,ふくのしま電力株式会社,0.00047,0.000415,2020,,,,,,
A0290,ふくのしま電力株式会社,0.000506,0.000507,2021,,,,,,
A0291,,,,2018,,,,,,
A0291,,,,2019,,,,,,
A0291,,,,2020,,,,,,
A0291,,,,2021,,,,,,
A0292,岡田建設株式会社 ,0.000631,0.000609,2018,,,,,,
A0292,岡田建設株式会社 ,0.000539,0.000543,2019,,,,,,
A0292,岡田建設株式会社 ,0.000509,0.000528,2020,,,,,,
A0292,岡田建設株式会社 ,0.000527,0.000471,2021,,,,,,
A0293,出雲ガス株式会社,0.00052,0.000474,2018,,,,,,
A0293,出雲ガス株式会社,0.000489,0.00044,2019,,,,,,
A0293,出雲ガス株式会社,0.000472,0.000418,2020,,,,,,
A0293,出雲ガス株式会社,0.000484,0.000429,2021,,,,,,
A0294,富山電力株式会社,0.000569,0.000587,2018,,,,,,
A0294,富山電力株式会社,0.000525,0.00055,2019,,,,,,
A0294,富山電力株式会社,0.00051,0.000456,2020,,,,,,
A0294,富山電力株式会社,0.000493,0.000473,2021,,,,,,
A0295,一般社団法人グリーンコープでんき,0,0,2018,,,,,,
A0295,一般社団法人グリーンコープでんき,0,0,2019,,,,,,
A0295,一般社団法人グリーンコープでんき,0,0.00039,2020,,,,,,
A0295,一般社団法人グリーンコープでんき,0,0.000412,2021,,,,,,
A0296,公益財団法人東京都環境公社 ,0.000289,0.000576,2018,,,,,,
A0296,公益財団法人東京都環境公社 ,0.000208,0.000498,2019,,,,,,
A0296,公益財団法人東京都環境公社 ,0.00047,0.000458,2020,,,,,,
A0296,公益財団法人東京都環境公社 ,0.000453,0,2021,,,,,,
A0297,,,,2018,,,,,,
A0297,,,,2019,,,,,,
A0297,,,,2020,,,,,,
A0297,,,,2021,,,,,,
A0298,イオンディライト株式会社 ,,,2018,,,,,,
A0298,イオンディライト株式会社 ,0.000491,0.000436,2019,,,,,,
A0298,イオンディライト株式会社 ,0.000491,0.000436,2020,,,,,,
A0298,イオンディライト株式会社 ,0.000464,0.000408,2021,,,,,,
A0299,,,,2018,,,,,,
A0299,,,,2019,,,,,,
A0299,,,,2020,,,,,,
A0299,,,,2021,,,,,,
A0300,株式会社ファミリーネット・ジャパン,0.000442,0.00069,2018,,,,,,
A0300,株式会社ファミリーネット・ジャパン,0.000595,0.000556,2019,,,,,,
A0300,株式会社ファミリーネット・ジャパン,0.000341,0.000556,2020,,,,,,
A0300,株式会社ファミリーネット・ジャパン,0.000438,0.000314,2021,,,,,,
A0301,,,,2018,,,,,,
A0301,,,,2019,,,,,,
A0301,,,,2020,,,,,,
A0301,,,,2021,,,,,,
A0302,,,,2018,,,,,,
A0302,,,,2019,,,,,,
A0302,,,,2020,,,,,,
A0302,,,,2021,,,,,,
A0303,ＭＫステーションズ株式会社,0.000529,0.000509,2018,,,,,,
A0303,ＭＫステーションズ株式会社,0.00049,0.000467,2019,,,,,,
A0303,ＭＫステーションズ株式会社,0.000444,0.000423,2020,,,,,,
A0303,ＭＫステーションズ株式会社,0.000449,0.000412,2021,,,,,,
A0304,,,,2018,,,,,,
A0304,,,,2019,,,,,,
A0304,,,,2020,,,,,,
A0304,,,,2021,,,,,,
A0305,フラワーペイメント株式会社 ,0.000438,0.000462,2018,,,,,,
A0305,フラワーペイメント株式会社 ,0.000726,0.000813,2019,,,,,,
A0305,フラワーペイメント株式会社 ,0.000141,0.000164,2020,,,,,,
A0305,フラワーペイメント株式会社 ,0.000522,0.000559,2021,,,,,,
A0306,株式会社ＪＴＢコミュニケーションデザイン,0.000559,0.000552,2018,,,,,,
A0306,株式会社ＪＴＢコミュニケーションデザイン,0.000524,0.000527,2019,,,,,,
A0306,株式会社ＪＴＢコミュニケーションデザイン,0.000474,0.000483,2020,,,,,,
A0306,株式会社ＪＴＢコミュニケーションデザイン,0.000368,0.000377,2021,,,,,,
A0307,,,,2018,,,,,,
A0307,,,,2019,,,,,,
A0307,,,,2020,,,,,,
A0307,,,,2021,,,,,,
A0308,積水化学工業株式会社 ,0.000254,0.000447,2018,,,,,,
A0308,積水化学工業株式会社 ,0.000178,0,2019,,,,,,
A0308,積水化学工業株式会社 ,0.000228,0,2020,,,,,,
A0308,積水化学工業株式会社 ,0.000213,0,2021,,,,,,
A0309,株式会社ユーミー総合研究所,0.000578,0.000626,2018,,,,,,
A0309,株式会社ユーミー総合研究所,0.000535,0.00056,2019,,,,,,
A0309,株式会社ユーミー総合研究所,0.000342,0.000341,2020,,,,,,
A0309,株式会社ユーミー総合研究所,,,2021,,,,,,
A0310,全農エネルギー株式会社,0.000445,0.000424,2018,,,,,,
A0310,全農エネルギー株式会社,0.000556,0.000543,2019,,,,,,
A0310,全農エネルギー株式会社,0.000485,0.000479,2020,,,,,,
A0310,全農エネルギー株式会社,0.000502,0.000479,2021,,,,,,
A0311,株式会社ハルエネ ,0.000471,0.000463,2018,,,,,,
A0311,株式会社ハルエネ ,0.000492,0.000509,2019,,,,,,
A0311,株式会社ハルエネ ,0.00043,0.000395,2020,,,,,,
A0311,株式会社ハルエネ ,0.000497,0.000466,2021,,,,,,
A0312,三愛オブリ株式会社 ,0.000538,0.000492,2018,,,,,,
A0312,三愛オブリ株式会社 ,0.000519,0.00047,2019,,,,,,
A0312,三愛オブリ株式会社 ,0.000534,0.000479,2020,,,,,,
A0312,三愛オブリ株式会社 ,0.000503,0.000447,2021,,,,,,
A0313,株式会社リケン工業 ,0.000527,0.000567,2018,,,,,,
A0313,株式会社リケン工業 ,0.000487,0.000507,2019,,,,,,
A0313,株式会社リケン工業 ,0.000509,0.00054,2020,,,,,,
A0313,株式会社リケン工業 ,0.000491,0.00051,2021,,,,,,
A0314,株式会社ビビット,0.000635,0.000589,2018,,,,,,
A0314,株式会社ビビット,0.000523,0.000496,2019,,,,,,
A0314,株式会社ビビット,0.000527,0.000546,2020,,,,,,
A0314,株式会社ビビット,0.000557,0.000593,2021,,,,,,
A0315,株式会社おおた電力 ,0.000578,0.000563,2018,,,,,,
A0315,株式会社おおた電力 ,0.000502,0.000453,2019,,,,,,
A0315,株式会社おおた電力 ,0.000447,0.000392,2020,,,,,,
A0315,株式会社おおた電力 ,0.000364,0.000308,2021,,,,,,
A0316,,,,2018,,,,,,
A0316,,,,2019,,,,,,
A0316,,,,2020,,,,,,
A0316,,,,2021,,,,,,
A0317,伊藤忠プランテック株式会社 ,0.000526,0.000536,2018,,,,,,
A0317,伊藤忠プランテック株式会社 ,0.000478,0.00046,2019,,,,,,
A0317,伊藤忠プランテック株式会社 ,0.000497,0.000521,2020,,,,,,
A0317,伊藤忠プランテック株式会社 ,0.000481,0.000592,2021,,,,,,
A0318,株式会社オカモト,0.000546,0.000563,2018,,,,,,
A0318,株式会社オカモト,0.000536,0.000528,2019,,,,,,
A0318,株式会社オカモト,0.000475,0.000463,2020,,,,,,
A0318,株式会社オカモト,0.000517,0.000495,2021,,,,,,
A0319,,,,2018,,,,,,
A0319,,,,2019,,,,,,
A0319,,,,2020,,,,,,
A0319,,,,2021,,,,,,
A0320,熊本電力株式会社　,0.000565,0.000472,2018,,,,,,
A0320,熊本電力株式会社　,0.000517,0,2019,,,,,,
A0320,熊本電力株式会社　,0.000485,0.000499,2020,,,,,,
A0320,熊本電力株式会社　,,,2021,,,,,,
A0321,FTCエナジー合同会社,,,2018,,,,,,
A0321,FTCエナジー合同会社,0.000563,0.000577,2019,,,,,,
A0321,FTCエナジー合同会社,0.000563,0.000577,2020,,,,,,
A0321,FTCエナジー合同会社,,,2021,,,,,,
A0322,,,,2018,,,,,,
A0322,,,,2019,,,,,,
A0322,,,,2020,,,,,,
A0322,,,,2021,,,,,,
A0323,キタコー株式会社 ,0.000531,0.000485,2018,,,,,,
A0323,キタコー株式会社 ,0.000514,0.000465,2019,,,,,,
A0323,キタコー株式会社 ,0.000442,0.000387,2020,,,,,,
A0323,キタコー株式会社 ,0.000454,0.000398,2021,,,,,,
A0324,生活協同組合コープしが,0.000445,0.000399,2018,,,,,,
A0324,生活協同組合コープしが,0.00046,0.00041,2019,,,,,,
A0324,生活協同組合コープしが,0.000395,0.00041,2020,,,,,,
A0324,生活協同組合コープしが,0.000374,0.00034,2021,,,,,,
A0325,,,,2018,,,,,,
A0325,,,,2019,,,,,,
A0325,,,,2020,,,,,,
A0325,,,,2021,,,,,,
A0326,,,,2018,,,,,,
A0326,,,,2019,,,,,,
A0326,,,,2020,,,,,,
A0326,,,,2021,,,,,,
A0327,東海電力株式会社,0.000443,0.000396,2018,,,,,,
A0327,東海電力株式会社,0.000659,0.00061,2019,,,,,,
A0327,東海電力株式会社,,,2020,,,,,,
A0327,東海電力株式会社,,,2021,,,,,,
A0328,西日本電力株式会社,0.000438,0.000392,2018,,,,,,
A0328,西日本電力株式会社,0.000674,0.000625,2019,,,,,,
A0328,西日本電力株式会社,,,2020,,,,,,
A0328,西日本電力株式会社,,,2021,,,,,,
A0329,福岡電力株式会社,0.000438,0.000392,2018,,,,,,
A0329,福岡電力株式会社,0.000419,0.00037,2019,,,,,,
A0329,福岡電力株式会社,,,2020,,,,,,
A0329,福岡電力株式会社,,,2021,,,,,,
A0330,香川電力株式会社,0.000553,0.000568,2018,,,,,,
A0330,香川電力株式会社,0.000521,0.000539,2019,,,,,,
A0330,香川電力株式会社,0.000509,0.000539,2020,,,,,,
A0330,香川電力株式会社,0.000485,0.000504,2021,,,,,,
A0331,札幌電力株式会社,0.000472,0.000426,2018,,,,,,
A0331,札幌電力株式会社,0.000675,0.000626,2019,,,,,,
A0331,札幌電力株式会社,,,2020,,,,,,
A0331,札幌電力株式会社,,,2021,,,,,,
A0332,株式会社ＰｉｎＴ,0.000499,0.000453,2018,,,,,,
A0332,株式会社ＰｉｎＴ,0.000516,0.000467,2019,,,,,,
A0332,株式会社ＰｉｎＴ,0.000545,0.000491,2020,,,,,,
A0332,株式会社ＰｉｎＴ,0.00049,0.000434,2021,,,,,,
A0333,東日本電力株式会社,0.000466,0.00042,2018,,,,,,
A0333,東日本電力株式会社,0.000669,0.00062,2019,,,,,,
A0333,東日本電力株式会社,,,2020,,,,,,
A0333,東日本電力株式会社,,,2021,,,,,,
A0334,広島電力株式会社,0.000493,0.000446,2018,,,,,,
A0334,広島電力株式会社,0.000673,0.000624,2019,,,,,,
A0334,広島電力株式会社,,,2020,,,,,,
A0334,広島電力株式会社,,,2021,,,,,,
A0335,宮城電力株式会社,0.000438,0.000392,2018,,,,,,
A0335,宮城電力株式会社,0.000674,0.000625,2019,,,,,,
A0335,宮城電力株式会社,,,2020,,,,,,
A0335,宮城電力株式会社,,,2021,,,,,,
A0336,株式会社沖縄ガスニューパワー ,0.000502,0.000646,2018,,,,,,
A0336,株式会社沖縄ガスニューパワー ,0.000415,0.00053,2019,,,,,,
A0336,株式会社沖縄ガスニューパワー ,0.000684,0.000749,2020,,,,,,
A0336,株式会社沖縄ガスニューパワー ,0.000453,0.000749,2021,,,,,,
A0337,諏訪瓦斯株式会社,0.000333,0.00047,2018,,,,,,
A0337,諏訪瓦斯株式会社,0.000502,0.000453,2019,,,,,,
A0337,諏訪瓦斯株式会社,0.000447,0.000392,2020,,,,,,
A0337,諏訪瓦斯株式会社,0.000364,0.000308,2021,,,,,,
A0338,エッセンシャルエナジー株式会社,0.000548,0.000502,2018,,,,,,
A0338,エッセンシャルエナジー株式会社,0.000455,0.000405,2019,,,,,,
A0338,エッセンシャルエナジー株式会社,0.000528,0.000473,2020,,,,,,
A0338,エッセンシャルエナジー株式会社,0.000493,0.000437,2021,,,,,,
A0339,株式会社ナカシマパワーソリューション,0.000527,0.000555,2018,,,,,,
A0339,株式会社ナカシマパワーソリューション,0.000492,0.000508,2019,,,,,,
A0339,株式会社ナカシマパワーソリューション,,,2020,,,,,,
A0339,株式会社ナカシマパワーソリューション,,,2021,,,,,,
A0340,株式会社エージーピー,0.000428,0.000387,2018,,,,,,
A0340,株式会社エージーピー,0.000447,0.000403,2019,,,,,,
A0340,株式会社エージーピー,0.000308,0.000253,2020,,,,,,
A0340,株式会社エージーピー,0.000383,0.000327,2021,,,,,,
A0341,,,,2018,,,,,,
A0341,,,,2019,,,,,,
A0341,,,,2020,,,,,,
A0341,,,,2021,,,,,,
A0342,株式会社いちき串木野電力 ,0.000492,0.000456,2018,,,,,,
A0342,株式会社いちき串木野電力 ,0.000403,0.000395,2019,,,,,,
A0342,株式会社いちき串木野電力 ,0.00045,0.000461,2020,,,,,,
A0342,株式会社いちき串木野電力 ,0.000551,0.000534,2021,,,,,,
A0343,株式会社クローバー・テクノロジーズ,0.000517,0.000555,2018,,,,,,
A0343,株式会社クローバー・テクノロジーズ,0.000486,0.000506,2019,,,,,,
A0343,株式会社クローバー・テクノロジーズ,0.000478,0.000504,2020,,,,,,
A0343,株式会社クローバー・テクノロジーズ,0.000431,0.000479,2021,,,,,,
A0344,西武ガス株式会社,0.000578,0.000563,2018,,,,,,
A0344,西武ガス株式会社,0.000502,0.000453,2019,,,,,,
A0344,西武ガス株式会社,0.000447,0.000392,2020,,,,,,
A0344,西武ガス株式会社,0.000364,0.000308,2021,,,,,,
A0345,松本ガス株式会社,0.000333,0.00047,2018,,,,,,
A0345,松本ガス株式会社,0.000502,0.000453,2019,,,,,,
A0345,松本ガス株式会社,0.000447,0.000392,2020,,,,,,
A0345,松本ガス株式会社,0.000364,0.000308,2021,,,,,,
A0346,株式会社省電,0.000631,0.000584,2018,,,,,,
A0346,株式会社省電,0.000503,0.000454,2019,,,,,,
A0346,株式会社省電,,,2020,,,,,,
A0346,株式会社省電,,,2021,,,,,,
A0347,ＦＴエナジー株式会社,0.000532,0.000489,2018,,,,,,
A0347,ＦＴエナジー株式会社,0.000528,0.000494,2019,,,,,,
A0347,ＦＴエナジー株式会社,0.000476,0.000482,2020,,,,,,
A0347,ＦＴエナジー株式会社,0.000471,0.000456,2021,,,,,,
A0348,南部だんだんエナジー株式会社,0.000229,0.000454,2018,,,,,,
A0348,南部だんだんエナジー株式会社,0.000169,0.000382,2019,,,,,,
A0348,南部だんだんエナジー株式会社,0.000212,0.000398,2020,,,,,,
A0348,南部だんだんエナジー株式会社,0.000235,0.000447,2021,,,,,,
A0349,株式会社エフエネ ,0.000597,0.000634,2018,,,,,,
A0349,株式会社エフエネ ,0.000572,0.00059,2019,,,,,,
A0349,株式会社エフエネ ,0.000518,0.000549,2020,,,,,,
A0349,株式会社エフエネ ,0.000512,0.000558,2021,,,,,,
A0350,こなんウルトラパワー株式会社,0.000386,0.000495,2018,,,,,,
A0350,こなんウルトラパワー株式会社,0.000308,0.000473,2019,,,,,,
A0350,こなんウルトラパワー株式会社,0.00034,0.000455,2020,,,,,,
A0350,こなんウルトラパワー株式会社,0.000283,0.000455,2021,,,,,,
A0351,株式会社ＣＨＩＢＡむつざわエナジー,0.000376,0.000525,2018,,,,,,
A0351,株式会社ＣＨＩＢＡむつざわエナジー,0.000319,0.000458,2019,,,,,,
A0351,株式会社ＣＨＩＢＡむつざわエナジー,0.000437,0.000652,2020,,,,,,
A0351,株式会社ＣＨＩＢＡむつざわエナジー,0.000325,0.000576,2021,,,,,,
A0352,株式会社関西空調　,0.00056,0.000593,2018,,,,,,
A0352,株式会社関西空調　,0.000523,0.000543,2019,,,,,,
A0352,株式会社関西空調　,0.000515,0.000544,2020,,,,,,
A0352,株式会社関西空調　,0.000474,0.000525,2021,,,,,,
A0353,奥出雲電力株式会社,0.00025,0.000465,2018,,,,,,
A0353,奥出雲電力株式会社,0.000081,0.000397,2019,,,,,,
A0353,奥出雲電力株式会社,0.00016,0.000418,2020,,,,,,
A0353,奥出雲電力株式会社,0.000165,0.000468,2021,,,,,,
A0354,清水建設株式会社,0.000526,0.000577,2018,,,,,,
A0354,清水建設株式会社,0.000362,0.000325,2019,,,,,,
A0354,清水建設株式会社,,,2020,,,,,,
A0354,清水建設株式会社,,,2021,,,,,,
A0355,中央電力株式会社 ,0.000484,0.00045,2018,,,,,,
A0355,中央電力株式会社 ,0.000382,0.000388,2019,,,,,,
A0355,中央電力株式会社 ,0.000488,0.000388,2020,,,,,,
A0355,中央電力株式会社 ,0.000477,0.00049,2021,,,,,,
A0356,株式会社成田香取エネルギー,0.000241,0.000351,2018,,,,,,
A0356,株式会社成田香取エネルギー,0.000389,0.000476,2019,,,,,,
A0356,株式会社成田香取エネルギー,0.000368,0.000473,2020,,,,,,
A0356,株式会社成田香取エネルギー,0.000347,0.000433,2021,,,,,,
A0357,,,,2018,,,,,,
A0357,,,,2019,,,,,,
A0357,,,,2020,,,,,,
A0357,,,,2021,,,,,,
A0358,三光株式会社,0.000345,0.000411,2018,,,,,,
A0358,三光株式会社,0.000231,0.000294,2019,,,,,,
A0358,三光株式会社,,,2020,,,,,,
A0358,三光株式会社,,,2021,,,,,,
A0359,東罐商事株式会社,0.000359,0.000313,2018,,,,,,
A0359,東罐商事株式会社,0.000463,0.000413,2019,,,,,,
A0359,東罐商事株式会社,,,2020,,,,,,
A0359,東罐商事株式会社,,,2021,,,,,,
A0360,グローバルソリューションサービス株式会社,0.000521,0.00051,2018,,,,,,
A0360,グローバルソリューションサービス株式会社,0.000495,0.00048,2019,,,,,,
A0360,グローバルソリューションサービス株式会社,0.00049,0.000511,2020,,,,,,
A0360,グローバルソリューションサービス株式会社,0.0005,0.000542,2021,,,,,,
A0361,,,,2018,,,,,,
A0361,,,,2019,,,,,,
A0361,,,,2020,,,,,,
A0361,,,,2021,,,,,,
A0362,株式会社ＣＷＳ ,0.000344,0.000415,2018,,,,,,
A0362,株式会社ＣＷＳ ,0.000315,0.000367,2019,,,,,,
A0362,株式会社ＣＷＳ ,0.000277,0.000336,2020,,,,,,
A0362,株式会社ＣＷＳ ,0.00025,0.000301,2021,,,,,,
A0363,,,,2018,,,,,,
A0363,,,,2019,,,,,,
A0363,,,,2020,,,,,,
A0363,,,,2021,,,,,,
A0364,ふくしま新電力株式会社,0.000529,0.000559,2018,,,,,,
A0364,ふくしま新電力株式会社,0.000488,0.000479,2019,,,,,,
A0364,ふくしま新電力株式会社,0.000482,0.00047,2020,,,,,,
A0364,ふくしま新電力株式会社,0.000498,0.000483,2021,,,,,,
A0365,ティーダッシュ合同会社 ,0.000516,0.000515,2018,,,,,,
A0365,ティーダッシュ合同会社 ,0.000481,0.00045,2019,,,,,,
A0365,ティーダッシュ合同会社 ,0.000566,0.000579,2020,,,,,,
A0365,ティーダッシュ合同会社 ,0.000512,0.000456,2021,,,,,,
A0366,株式会社エネクスライフサービス,0.000527,0.000481,2018,,,,,,
A0366,株式会社エネクスライフサービス,0.000625,0.000576,2019,,,,,,
A0366,株式会社エネクスライフサービス,0.000333,0.000278,2020,,,,,,
A0366,株式会社エネクスライフサービス,0.00047,0.000411,2021,,,,,,
A0367,ネイチャーエナジー小国株式会社 ,0.000404,0.000466,2018,,,,,,
A0367,ネイチャーエナジー小国株式会社 ,0.000385,0.000426,2019,,,,,,
A0367,ネイチャーエナジー小国株式会社 ,0.000314,0.000417,2020,,,,,,
A0367,ネイチャーエナジー小国株式会社 ,0.000249,0.000322,2021,,,,,,
A0368,リエスパワーネクスト株式会社,0.000577,0.000481,2018,,,,,,
A0368,リエスパワーネクスト株式会社,0.000542,0.000374,2019,,,,,,
A0368,リエスパワーネクスト株式会社,0.000473,0.000374,2020,,,,,,
A0368,リエスパワーネクスト株式会社,0.000508,0.000424,2021,,,,,,
A0369,京都生活協同組合,0.000445,0.000399,2018,,,,,,
A0369,京都生活協同組合,0.000458,0.000409,2019,,,,,,
A0369,京都生活協同組合,0.000394,0.000409,2020,,,,,,
A0369,京都生活協同組合,0.000373,0.000339,2021,,,,,,
A0370,,,,2018,,,,,,
A0370,,,,2019,,,,,,
A0370,,,,2020,,,,,,
A0370,,,,2021,,,,,,
A0371,エネルギーパワー株式会社,0.000531,0.000549,2018,,,,,,
A0371,エネルギーパワー株式会社,0.000515,0.000536,2019,,,,,,
A0371,エネルギーパワー株式会社,0.000503,0.000535,2020,,,,,,
A0371,エネルギーパワー株式会社,0.000499,0.000535,2021,,,,,,
A0372,株式会社グリムスパワー,0.000563,0.000585,2018,,,,,,
A0372,株式会社グリムスパワー,0.000541,0.000549,2019,,,,,,
A0372,株式会社グリムスパワー,0.000492,0.000503,2020,,,,,,
A0372,株式会社グリムスパワー,0.00048,0.000486,2021,,,,,,
A0373,日本ファシリティ・ソリューション株式会社,0.000603,0.000556,2018,,,,,,
A0373,日本ファシリティ・ソリューション株式会社,0.000511,0.000462,2019,,,,,,
A0373,日本ファシリティ・ソリューション株式会社,0.000533,0.000478,2020,,,,,,
A0373,日本ファシリティ・ソリューション株式会社,0.000476,0.000478,2021,,,,,,
A0374,株式会社登米電力,0.000545,0.000541,2018,,,,,,
A0374,株式会社登米電力,0.000521,0.000524,2019,,,,,,
A0374,株式会社登米電力,0.000527,0.000551,2020,,,,,,
A0374,株式会社登米電力,0.000455,0.000399,2021,,,,,,
A0375,情報ハイウェイ協同組合,0.000521,0.000495,2018,,,,,,
A0375,情報ハイウェイ協同組合,0.000521,0.000495,2019,,,,,,
A0375,情報ハイウェイ協同組合,0.000575,0.000563,2020,,,,,,
A0375,情報ハイウェイ協同組合,0.000506,0.000474,2021,,,,,,
A0376,自然電力株式会社,0.000519,0.000159,2018,,,,,,
A0376,自然電力株式会社,0.000501,0.000279,2019,,,,,,
A0376,自然電力株式会社,0.000399,0.000279,2020,,,,,,
A0376,自然電力株式会社,0.000396,0.000235,2021,,,,,,
A0377,株式会社オノプロックス,0.000577,0.000531,2018,,,,,,
A0377,株式会社オノプロックス,0.000527,0.000552,2019,,,,,,
A0377,株式会社オノプロックス,0.000508,0.000536,2020,,,,,,
A0377,株式会社オノプロックス,0.00055,0.000524,2021,,,,,,
A0378,本庄ガス株式会社,0.000578,0.000563,2018,,,,,,
A0378,本庄ガス株式会社,0.000502,0.000453,2019,,,,,,
A0378,本庄ガス株式会社,0.000447,0.000392,2020,,,,,,
A0378,本庄ガス株式会社,0.000364,0.000308,2021,,,,,,
A0379,株式会社フィット,0.000558,0.000512,2018,,,,,,
A0379,株式会社フィット,0.000345,0.000297,2019,,,,,,
A0379,株式会社フィット,0.000477,0.000422,2020,,,,,,
A0379,株式会社フィット,0.000457,0.000401,2021,,,,,,
A0380,青森県民エナジー株式会社,0.000383,0.000608,2018,,,,,,
A0380,青森県民エナジー株式会社,0.000156,0.000512,2019,,,,,,
A0380,青森県民エナジー株式会社,0.000436,0.000549,2020,,,,,,
A0380,青森県民エナジー株式会社,0.00043,0.0005,2021,,,,,,
A0381,国際航業株式会社,0.00049,0.00508,2018,,,,,,
A0381,国際航業株式会社,0.000472,0.000495,2019,,,,,,
A0381,国際航業株式会社,0.000528,0.000564,2020,,,,,,
A0381,国際航業株式会社,0.000414,0.000629,2021,,,,,,
A0382,ローカルでんき株式会社,0.000537,0.000542,2018,,,,,,
A0382,ローカルでんき株式会社,0.000537,0.000546,2019,,,,,,
A0382,ローカルでんき株式会社,0.00047,0.000546,2020,,,,,,
A0382,ローカルでんき株式会社,0.000453,0.00033,2021,,,,,,
A0383,株式会社明治産業,0.000479,0.000446,2018,,,,,,
A0383,株式会社明治産業,0.000446,0.000431,2019,,,,,,
A0383,株式会社明治産業,0.000458,0.000445,2020,,,,,,
A0383,株式会社明治産業,0.00046,0.000404,2021,,,,,,
A0384,,,,2018,,,,,,
A0384,,,,2019,,,,,,
A0384,,,,2020,,,,,,
A0384,,,,2021,,,,,,
A0385,岡山電力株式会社,0.000587,0.000575,2018,,,,,,
A0385,岡山電力株式会社,0.000459,0.000467,2019,,,,,,
A0385,岡山電力株式会社,0.000439,0.000554,2020,,,,,,
A0385,岡山電力株式会社,0.000295,0.000554,2021,,,,,,
A0386,ミライフ株式会社,0.000556,0.000569,2018,,,,,,
A0386,ミライフ株式会社,0.000535,0.000545,2019,,,,,,
A0386,ミライフ株式会社,0.000516,0.000461,2020,,,,,,
A0386,ミライフ株式会社,0.000165,0.000109,2021,,,,,,
A0387,株式会社翠光トップライン,0.000561,0.000594,2018,,,,,,
A0387,株式会社翠光トップライン,0.000507,0.000529,2019,,,,,,
A0387,株式会社翠光トップライン,0.000496,0.000524,2020,,,,,,
A0387,株式会社翠光トップライン,0.000498,0.000544,2021,,,,,,
A0388,楽天エナジー株式会社,0.000558,0.000512,2018,,,,,,
A0388,楽天エナジー株式会社,0.000557,0.000534,2019,,,,,,
A0388,楽天エナジー株式会社,0.000543,0.000534,2020,,,,,,
A0388,楽天エナジー株式会社,0.000485,0.000545,2021,,,,,,
A0389,うすきエネルギー株式会社,0.000501,0.000532,2018,,,,,,
A0389,うすきエネルギー株式会社,0.000386,0.00049,2019,,,,,,
A0389,うすきエネルギー株式会社,0.0005,0.000523,2020,,,,,,
A0389,うすきエネルギー株式会社,0.000386,0.000386,2021,,,,,,
A0390,株式会社トーヨーエネルギーファーム,0.000532,0.00057,2018,,,,,,
A0390,株式会社トーヨーエネルギーファーム,0.000502,0.000521,2019,,,,,,
A0390,株式会社トーヨーエネルギーファーム,0.000485,0.00051,2020,,,,,,
A0390,株式会社トーヨーエネルギーファーム,0.000494,0.000529,2021,,,,,,
A0391,森のエネルギー株式会社,0.000543,0.000497,2018,,,,,,
A0391,森のエネルギー株式会社,0.000537,0.000554,2019,,,,,,
A0391,森のエネルギー株式会社,0.000429,0.000384,2020,,,,,,
A0391,森のエネルギー株式会社,0.00049,0.000532,2021,,,,,,
A0392,岐阜電力株式会社,0.00056,0.000611,2018,,,,,,
A0392,岐阜電力株式会社,0.000521,0.000547,2019,,,,,,
A0392,岐阜電力株式会社,0.000523,0.000552,2020,,,,,,
A0392,岐阜電力株式会社,0.000495,0.00052,2021,,,,,,
A0393,格安電力株式会社,0.000557,0.000583,2018,,,,,,
A0393,格安電力株式会社,0.000198,0.000179,2019,,,,,,
A0393,格安電力株式会社,0.00054,0.00054,2020,,,,,,
A0393,格安電力株式会社,0.000383,0.000327,2021,,,,,,
A0394,,,,2018,,,,,,
A0394,,,,2019,,,,,,
A0394,,,,2020,,,,,,
A0394,,,,2021,,,,,,
A0395,テクノエフアンドシー株式会社,0.000404,0.000358,2018,,,,,,
A0395,テクノエフアンドシー株式会社,,,2019,,,,,,
A0395,テクノエフアンドシー株式会社,,,2020,,,,,,
A0395,テクノエフアンドシー株式会社,,,2021,,,,,,
A0396,株式会社エスケーエナジー,0.000606,0.000569,2018,,,,,,
A0396,株式会社エスケーエナジー,0.000597,0.000548,2019,,,,,,
A0396,株式会社エスケーエナジー,0.000476,0.000421,2020,,,,,,
A0396,株式会社エスケーエナジー,0.000507,0.000451,2021,,,,,,
A0397,名南共同エネルギー株式会社,0.000702,0.000697,2018,,,,,,
A0397,名南共同エネルギー株式会社,0.000554,0.000563,2019,,,,,,
A0397,名南共同エネルギー株式会社,0.000642,0.00067,2020,,,,,,
A0397,名南共同エネルギー株式会社,0.000626,0.000625,2021,,,,,,
A0398,Ａｐａｍａｎ　Ｅｎｅｒｇｙ株式会社,0.000522,0.000556,2018,,,,,,
A0398,Ａｐａｍａｎ　Ｅｎｅｒｇｙ株式会社,0.000523,0.000547,2019,,,,,,
A0398,Ａｐａｍａｎ　Ｅｎｅｒｇｙ株式会社,0.000507,0.000536,2020,,,,,,
A0398,Ａｐａｍａｎ　Ｅｎｅｒｇｙ株式会社,0.000511,0.000562,2021,,,,,,
A0399,ファミリーエナジー合同会社,0.00059,0.000594,2018,,,,,,
A0399,ファミリーエナジー合同会社,0.000407,0.000403,2019,,,,,,
A0399,ファミリーエナジー合同会社,0.000496,0.00051,2020,,,,,,
A0399,ファミリーエナジー合同会社,,,2021,,,,,,
A0400,ＡＧ Ｅｎｅｒｇｙ株式会社,0.000566,0.000582,2018,,,,,,
A0400,ＡＧ Ｅｎｅｒｇｙ株式会社,,,2019,,,,,,
A0400,ＡＧ Ｅｎｅｒｇｙ株式会社,,,2020,,,,,,
A0400,ＡＧ Ｅｎｅｒｇｙ株式会社,,,2021,,,,,,
A0401,アンビット・エナジー・ジャパン合同会社,0.000553,0.000598,2018,,,,,,
A0401,アンビット・エナジー・ジャパン合同会社,0.000524,0.000549,2019,,,,,,
A0401,アンビット・エナジー・ジャパン合同会社,0.000514,0.000531,2020,,,,,,
A0401,アンビット・エナジー・ジャパン合同会社,0.000095,0.000073,2021,,,,,,
A0402,株式会社ＴＯＫＹＯ油電力,0.000564,0.000611,2018,,,,,,
A0402,株式会社ＴＯＫＹＯ油電力,0.000509,0.000531,2019,,,,,,
A0402,株式会社ＴＯＫＹＯ油電力,0.000498,0.000526,2020,,,,,,
A0402,株式会社ＴＯＫＹＯ油電力,0.000517,0.000572,2021,,,,,,
A0403,大分ケーブルテレコム株式会社,0.000434,0.000557,2018,,,,,,
A0403,大分ケーブルテレコム株式会社,0.000426,0.000509,2019,,,,,,
A0403,大分ケーブルテレコム株式会社,0.000429,0.000489,2020,,,,,,
A0403,大分ケーブルテレコム株式会社,0.000461,0.000503,2021,,,,,,
A0404,,,,2018,,,,,,
A0404,,,,2019,,,,,,
A0404,,,,2020,,,,,,
A0404,,,,2021,,,,,,
A0405,アストマックス・エネルギー合同会社,0.000683,0.000744,2018,,,,,,
A0405,アストマックス・エネルギー合同会社,0.000526,0.000553,2019,,,,,,
A0405,アストマックス・エネルギー合同会社,0.000534,0.000479,2020,,,,,,
A0405,アストマックス・エネルギー合同会社,0.000514,0.000458,2021,,,,,,
A0406,生活協同組合コープみらい,0.000441,0.000395,2018,,,,,,
A0406,生活協同組合コープみらい,0.000456,0.000406,2019,,,,,,
A0406,生活協同組合コープみらい,0.00039,0.000335,2020,,,,,,
A0406,生活協同組合コープみらい,0.000372,0.000316,2021,,,,,,
A0407,寝屋川電力株式会社,0.000559,0.000605,2018,,,,,,
A0407,寝屋川電力株式会社,0.000526,0.000551,2019,,,,,,
A0407,寝屋川電力株式会社,0.00051,0.000489,2020,,,,,,
A0407,寝屋川電力株式会社,0.000486,0.000457,2021,,,,,,
A0408,株式会社広島一電力,0.000586,0.000623,2018,,,,,,
A0408,株式会社広島一電力,0.000478,0.000502,2019,,,,,,
A0408,株式会社広島一電力,,,2020,,,,,,
A0408,株式会社広島一電力,,,2021,,,,,,
A0409,富士山電力株式会社,0.000543,0.000583,2018,,,,,,
A0409,富士山電力株式会社,0.000481,0.000501,2019,,,,,,
A0409,富士山電力株式会社,,,2020,,,,,,
A0409,富士山電力株式会社,,,2021,,,,,,
A0410,石川電力株式会社,0.000518,0.000556,2018,,,,,,
A0410,石川電力株式会社,0.000521,0.000535,2019,,,,,,
A0410,石川電力株式会社,0.000589,0.000545,2020,,,,,,
A0410,石川電力株式会社,0.000994,0.000938,2021,,,,,,
A0411,福井電力株式会社,0.000575,0.00062,2018,,,,,,
A0411,福井電力株式会社,0.000567,0.0006,2019,,,,,,
A0411,福井電力株式会社,0.000511,0.000463,2020,,,,,,
A0411,福井電力株式会社,0.000481,0.000425,2021,,,,,,
A0412,,,,2018,,,,,,
A0412,,,,2019,,,,,,
A0412,,,,2020,,,,,,
A0412,,,,2021,,,,,,
A0413,株式会社MKエネルギー,0.000529,0.00048,2018,,,,,,
A0413,株式会社MKエネルギー,0.000529,0.00048,2019,,,,,,
A0413,株式会社MKエネルギー,0.00049,0.000435,2020,,,,,,
A0413,株式会社MKエネルギー,0.000544,0.000588,2021,,,,,,
A0414,株式会社Ｏｐｔｉｍｉｚｅｄ　Ｅｎｅｒｇｙ,0.0005,0.000454,2018,,,,,,
A0414,株式会社Ｏｐｔｉｍｉｚｅｄ　Ｅｎｅｒｇｙ,0.000488,0.000566,2019,,,,,,
A0414,株式会社Ｏｐｔｉｍｉｚｅｄ　Ｅｎｅｒｇｙ,0.00047,0.000419,2020,,,,,,
A0414,株式会社Ｏｐｔｉｍｉｚｅｄ　Ｅｎｅｒｇｙ,0.000484,0.000428,2021,,,,,,
A0415,エネラボ株式会社,0.000581,0.00062,2018,,,,,,
A0415,エネラボ株式会社,0.000656,0.000606,2019,,,,,,
A0415,エネラボ株式会社,0.000459,0.000404,2020,,,,,,
A0415,エネラボ株式会社,0.000539,0.000404,2021,,,,,,
A0416,株式会社ネクシィーズ・ゼロ,0.000551,0.000592,2018,,,,,,
A0416,株式会社ネクシィーズ・ゼロ,0.000531,0.000555,2019,,,,,,
A0416,株式会社ネクシィーズ・ゼロ,0.000512,0.000535,2020,,,,,,
A0416,株式会社ネクシィーズ・ゼロ,0.000507,0.000534,2021,,,,,,
A0417,地元電力株式会社,0.000517,0.000555,2018,,,,,,
A0417,地元電力株式会社,0.000486,0.000506,2019,,,,,,
A0417,地元電力株式会社,0.000478,0.000504,2020,,,,,,
A0417,地元電力株式会社,,,2021,,,,,,
A0418,横浜ウォーター株式会社,0.000488,0.0005,2018,,,,,,
A0418,横浜ウォーター株式会社,0.000366,0.0005,2019,,,,,,
A0418,横浜ウォーター株式会社,0.000383,0.000501,2020,,,,,,
A0418,横浜ウォーター株式会社,0.000388,0.000526,2021,,,,,,
A0419,スマートエナジー磐田株式会社,0.000288,0.000346,2018,,,,,,
A0419,スマートエナジー磐田株式会社,0.000198,0.000367,2019,,,,,,
A0419,スマートエナジー磐田株式会社,0.00023,0.000367,2020,,,,,,
A0419,スマートエナジー磐田株式会社,0.000174,0.000403,2021,,,,,,
A0420,そうまＩグリッド合同会社,0.000395,0.000517,2018,,,,,,
A0420,そうまＩグリッド合同会社,0.000414,0.000514,2019,,,,,,
A0420,そうまＩグリッド合同会社,0.00039,0.000491,2020,,,,,,
A0420,そうまＩグリッド合同会社,0.000326,0.000424,2021,,,,,,
A0421,第一日本電力株式会社,,,2018,,,,,,
A0421,第一日本電力株式会社,0.000536,0.000481,2019,,,,,,
A0421,第一日本電力株式会社,0.000536,0.000481,2020,,,,,,
A0421,第一日本電力株式会社,,,2021,,,,,,
A0422,,,,2018,,,,,,
A0422,,,,2019,,,,,,
A0422,,,,2020,,,,,,
A0422,,,,2021,,,,,,
A0423,,,,2018,,,,,,
A0423,,,,2019,,,,,,
A0423,,,,2020,,,,,,
A0423,,,,2021,,,,,,
A0424,新潟県民電力株式会社,0.000518,0.000556,2018,,,,,,
A0424,新潟県民電力株式会社,0.000486,0.000506,2019,,,,,,
A0424,新潟県民電力株式会社,0.000511,0.000537,2020,,,,,,
A0424,新潟県民電力株式会社,0.000428,0.000412,2021,,,,,,
A0425,エネトレード株式会社,0.0005,0.0005,2018,,,,,,
A0425,エネトレード株式会社,0.000488,0.000488,2019,,,,,,
A0425,エネトレード株式会社,0.00047,0.00047,2020,,,,,,
A0425,エネトレード株式会社,0.000453,0.000453,2021,,,,,,
A0426,,,,2018,,,,,,
A0426,,,,2019,,,,,,
A0426,,,,2020,,,,,,
A0426,,,,2021,,,,,,
A0427,Ｍｙシティ電力株式会社,0.00056,0.000606,2018,,,,,,
A0427,Ｍｙシティ電力株式会社,0.000518,0.000545,2019,,,,,,
A0427,Ｍｙシティ電力株式会社,0.000521,0.000552,2020,,,,,,
A0427,Ｍｙシティ電力株式会社,0.000512,0.000563,2021,,,,,,
A0428,株式会社トーセキ,0.000587,0.000638,2018,,,,,,
A0428,株式会社トーセキ,0.000529,0.000558,2019,,,,,,
A0428,株式会社トーセキ,,,2020,,,,,,
A0428,株式会社トーセキ,,,2021,,,,,,
A0429,ニシムラ株式会社,0.000552,0.000584,2018,,,,,,
A0429,ニシムラ株式会社,0.000544,0.000576,2019,,,,,,
A0429,ニシムラ株式会社,0.000483,0.000511,2020,,,,,,
A0429,ニシムラ株式会社,0.000503,0.000554,2021,,,,,,
A0430,株式会社さくら新電力,0.000605,0.000668,2018,,,,,,
A0430,株式会社さくら新電力,0.000534,0.000564,2019,,,,,,
A0430,株式会社さくら新電力,0.000483,0.000533,2020,,,,,,
A0430,株式会社さくら新電力,0.000404,0.000533,2021,,,,,,
A0431,株式会社グローアップ,0.000554,0.000508,2018,,,,,,
A0431,株式会社グローアップ,0.000498,0.000449,2019,,,,,,
A0431,株式会社グローアップ,0.000532,0.000477,2020,,,,,,
A0431,株式会社グローアップ,0.000401,0.000344,2021,,,,,,
A0432,,,,2018,,,,,,
A0432,,,,2019,,,,,,
A0432,,,,2020,,,,,,
A0432,,,,2021,,,,,,
A0433,あくびコミュニケーションズ株式会社,0.000621,0.000636,2018,,,,,,
A0433,あくびコミュニケーションズ株式会社,,,2019,,,,,,
A0433,あくびコミュニケーションズ株式会社,,,2020,,,,,,
A0433,あくびコミュニケーションズ株式会社,,,2021,,,,,,
A0434,,,,2018,,,,,,
A0434,,,,2019,,,,,,
A0434,,,,2020,,,,,,
A0434,,,,2021,,,,,,
A0435,いこま市民パワー株式会社,0.000399,0.000368,2018,,,,,,
A0435,いこま市民パワー株式会社,0.000374,0.000341,2019,,,,,,
A0435,いこま市民パワー株式会社,0.000324,0.000316,2020,,,,,,
A0435,いこま市民パワー株式会社,0.000105,0.000394,2021,,,,,,
A0436,株式会社コープでんき東北,0.000409,0.000363,2018,,,,,,
A0436,株式会社コープでんき東北,0.000442,0.000393,2019,,,,,,
A0436,株式会社コープでんき東北,0.000308,0.000253,2020,,,,,,
A0436,株式会社コープでんき東北,0.000419,0.000363,2021,,,,,,
A0437,おもてなし山形株式会社,0.000515,0.000522,2018,,,,,,
A0437,おもてなし山形株式会社,0.000482,0.000456,2019,,,,,,
A0437,おもてなし山形株式会社,0.000269,0.000215,2020,,,,,,
A0437,おもてなし山形株式会社,0.000154,0.000098,2021,,,,,,
A0438,長野都市ガス株式会社,0.000333,0.00047,2018,,,,,,
A0438,長野都市ガス株式会社,0.000502,0.000453,2019,,,,,,
A0438,長野都市ガス株式会社,0.000447,0.000392,2020,,,,,,
A0438,長野都市ガス株式会社,0.000364,0.000308,2021,,,,,,
A0439,上田ガス株式会社,0.000333,0.00047,2018,,,,,,
A0439,上田ガス株式会社,0.000502,0.000453,2019,,,,,,
A0439,上田ガス株式会社,0.000447,0.000392,2020,,,,,,
A0439,上田ガス株式会社,0.000364,0.000308,2021,,,,,,
A0440,日本瓦斯株式会社,0.000716,0.00067,2018,,,,,,
A0440,日本瓦斯株式会社,0.000518,0.000469,2019,,,,,,
A0440,日本瓦斯株式会社,0.000549,0.000495,2020,,,,,,
A0440,日本瓦斯株式会社,0.000492,0.000495,2021,,,,,,
A0441,株式会社内藤工業所,0.000545,0.000553,2018,,,,,,
A0441,株式会社内藤工業所,0.000517,0.000523,2019,,,,,,
A0441,株式会社内藤工業所,0.000504,0.000521,2020,,,,,,
A0441,株式会社内藤工業所,0.000508,0.000452,2021,,,,,,
A0442,株式会社シグナストラスト,0.000313,0.000332,2018,,,,,,
A0442,株式会社シグナストラスト,0.000547,0.000498,2019,,,,,,
A0442,株式会社シグナストラスト,0.000034,0.00047,2020,,,,,,
A0442,株式会社シグナストラスト,0.00053,0.000474,2021,,,,,,
A0443,ゲーテハウス株式会社,0.000521,0.000548,2018,,,,,,
A0443,ゲーテハウス株式会社,0.000494,0.000509,2019,,,,,,
A0443,ゲーテハウス株式会社,0.000484,0.000503,2020,,,,,,
A0443,ゲーテハウス株式会社,0.000489,0.000512,2021,,,,,,
A0444,おまかせ電力株式会社,0.000515,0.000556,2018,,,,,,
A0444,おまかせ電力株式会社,0.000463,0.000483,2019,,,,,,
A0444,おまかせ電力株式会社,0.000476,0.000502,2020,,,,,,
A0444,おまかせ電力株式会社,,,2021,,,,,,
A0445,岩手電力株式会社,0.000623,0.000678,2018,,,,,,
A0445,岩手電力株式会社,0.000546,0.000574,2019,,,,,,
A0445,岩手電力株式会社,0.00051,0.00052,2020,,,,,,
A0445,岩手電力株式会社,0.000522,0.000508,2021,,,,,,
A0446,ＪＰエネルギー株式会社,0.000601,0.000644,2018,,,,,,
A0446,ＪＰエネルギー株式会社,0.00057,0.000593,2019,,,,,,
A0446,ＪＰエネルギー株式会社,0.00051,0.000516,2020,,,,,,
A0446,ＪＰエネルギー株式会社,0.000495,0.000539,2021,,,,,,
A0447,兵庫電力株式会社,0.000507,0.000484,2018,,,,,,
A0447,兵庫電力株式会社,0.000473,0.000424,2019,,,,,,
A0447,兵庫電力株式会社,0.000444,0.000389,2020,,,,,,
A0447,兵庫電力株式会社,0.000476,0.00042,2021,,,,,,
A0448,大和ライフエナジア株式会社,0.000846,0.0008,2018,,,,,,
A0448,大和ライフエナジア株式会社,0.000511,0.000462,2019,,,,,,
A0448,大和ライフエナジア株式会社,0.00048,0.000426,2020,,,,,,
A0448,大和ライフエナジア株式会社,0.000476,0.000426,2021,,,,,,
A0449,京都新電力株式会社,,,2018,,,,,,
A0449,京都新電力株式会社,0.000483,0.000503,2019,,,,,,
A0449,京都新電力株式会社,,,2020,,,,,,
A0449,京都新電力株式会社,,,2021,,,,,,
A0450,,,,2018,,,,,,
A0450,,,,2019,,,,,,
A0450,,,,2020,,,,,,
A0450,,,,2021,,,,,,
A0451,Ｃｏｃｏテラスたがわ株式会社,0.000469,0.000478,2018,,,,,,
A0451,Ｃｏｃｏテラスたがわ株式会社,0.000403,0.000395,2019,,,,,,
A0451,Ｃｏｃｏテラスたがわ株式会社,0.000447,0.000455,2020,,,,,,
A0451,Ｃｏｃｏテラスたがわ株式会社,0.000325,0.000311,2021,,,,,,
A0452,東北電力エナジートレーディング株式会社,0.0005,0.000505,2018,,,,,,
A0452,東北電力エナジートレーディング株式会社,0.000488,0.000488,2019,,,,,,
A0452,東北電力エナジートレーディング株式会社,0.00047,0.00047,2020,,,,,,
A0452,東北電力エナジートレーディング株式会社,0.000453,0.000453,2021,,,,,,
A0453,株式会社横浜環境デザイン,0.000048,0.0005,2018,,,,,,
A0453,株式会社横浜環境デザイン,0.000311,0.000518,2019,,,,,,
A0453,株式会社横浜環境デザイン,0.000361,0.00046,2020,,,,,,
A0453,株式会社横浜環境デザイン,0.000389,0.00046,2021,,,,,,
A0454,株式会社まち未来製作所,0.000368,0.000513,2018,,,,,,
A0454,株式会社まち未来製作所,0.000106,0.000505,2019,,,,,,
A0454,株式会社まち未来製作所,0.000533,0.000688,2020,,,,,,
A0454,株式会社まち未来製作所,0.000302,0.000529,2021,,,,,,
A0455,ＴＲＥＮＤＥ株式会社,0.000708,0.000697,2018,,,,,,
A0455,ＴＲＥＮＤＥ株式会社,0.000485,0.000436,2019,,,,,,
A0455,ＴＲＥＮＤＥ株式会社,0.000518,0.000464,2020,,,,,,
A0455,ＴＲＥＮＤＥ株式会社,0.000494,0.000488,2021,,,,,,
A0456,株式会社どさんこパワー,0.000596,0.000628,2018,,,,,,
A0456,株式会社どさんこパワー,0.000358,0.000563,2019,,,,,,
A0456,株式会社どさんこパワー,0.000507,0.000536,2020,,,,,,
A0456,株式会社どさんこパワー,0.000505,0.000536,2021,,,,,,
A0457,トリニティエナジー株式会社,,,2018,,,,,,
A0457,トリニティエナジー株式会社,,,2019,,,,,,
A0457,トリニティエナジー株式会社,,,2020,,,,,,
A0457,トリニティエナジー株式会社,0.000459,0.000473,2021,,,,,,
A0458,ワンワールドエナジー株式会社,0.000533,0.000574,2018,,,,,,
A0458,ワンワールドエナジー株式会社,0.000496,0.000519,2019,,,,,,
A0458,ワンワールドエナジー株式会社,0.000485,0.000487,2020,,,,,,
A0458,ワンワールドエナジー株式会社,0.000465,0.000435,2021,,,,,,
A0459,みなとみらい電力株式会社,0.000581,0.000631,2018,,,,,,
A0459,みなとみらい電力株式会社,0.000534,0.000563,2019,,,,,,
A0459,みなとみらい電力株式会社,0.000507,0.000533,2020,,,,,,
A0459,みなとみらい電力株式会社,0.000494,0.000516,2021,,,,,,
A0460,日本電灯電力販売株式会社,0.000542,0.000581,2018,,,,,,
A0460,日本電灯電力販売株式会社,0.000515,0.000538,2019,,,,,,
A0460,日本電灯電力販売株式会社,0.000507,0.000533,2020,,,,,,
A0460,日本電灯電力販売株式会社,,,2021,,,,,,
A0461,株式会社ＬＩＸＩＬ　ＴＥＰＣＯ　スマートパートナーズ,0.000479,0.000433,2018,,,,,,
A0461,株式会社ＬＩＸＩＬ　ＴＥＰＣＯ　スマートパートナーズ,0.000489,0.000504,2019,,,,,,
A0461,株式会社ＬＩＸＩＬ　ＴＥＰＣＯ　スマートパートナーズ,0.000481,0.000504,2020,,,,,,
A0461,株式会社ＬＩＸＩＬ　ＴＥＰＣＯ　スマートパートナーズ,0.000497,0.000492,2021,,,,,,
A0462,,,,2018,,,,,,
A0462,,,,2019,,,,,,
A0462,,,,2020,,,,,,
A0462,,,,2021,,,,,,
A0463,株式会社NEXT ONE,0.000613,0.000652,2018,,,,,,
A0463,株式会社NEXT ONE,0.000575,0.00061,2019,,,,,,
A0463,株式会社NEXT ONE,0.000503,0.00053,2020,,,,,,
A0463,株式会社NEXT ONE,0.000531,0.000514,2021,,,,,,
A0464,三菱瓦斯化学株式会社,0.000518,0.000496,2018,,,,,,
A0464,三菱瓦斯化学株式会社,,,2019,,,,,,
A0464,三菱瓦斯化学株式会社,,,2020,,,,,,
A0464,三菱瓦斯化学株式会社,,,2021,,,,,,
A0465,株式会社ユビニティー,0.000517,0.000555,2018,,,,,,
A0465,株式会社ユビニティー,0.000486,0.000502,2019,,,,,,
A0465,株式会社ユビニティー,0.000507,0.000535,2020,,,,,,
A0465,株式会社ユビニティー,0.000581,0.000564,2021,,,,,,
A0466,株式会社宮交シティ,0.000507,0.000461,2018,,,,,,
A0466,株式会社宮交シティ,0.000423,0.000374,2019,,,,,,
A0466,株式会社宮交シティ,0.000481,0.00044,2020,,,,,,
A0466,株式会社宮交シティ,0.000322,0.000266,2021,,,,,,
A0467,株式会社アルファライズ,0.00044,0.000478,2018,,,,,,
A0467,株式会社アルファライズ,0.000486,0.000506,2019,,,,,,
A0467,株式会社アルファライズ,0.000478,0.000504,2020,,,,,,
A0467,株式会社アルファライズ,0.00051,0.000528,2021,,,,,,
A0468,おおすみ半島スマートエネルギー株式会社,0.000452,0.000413,2018,,,,,,
A0468,おおすみ半島スマートエネルギー株式会社,0.000309,0.000333,2019,,,,,,
A0468,おおすみ半島スマートエネルギー株式会社,0.000166,0.000165,2020,,,,,,
A0468,おおすみ半島スマートエネルギー株式会社,0.000458,0.000458,2021,,,,,,
A0469,,,,2018,,,,,,
A0469,,,,2019,,,,,,
A0469,,,,2020,,,,,,
A0469,,,,2021,,,,,,
A0470,おきなわコープエナジー株式会社,0.000791,0.000764,2018,,,,,,
A0470,おきなわコープエナジー株式会社,0.000718,0.000687,2019,,,,,,
A0470,おきなわコープエナジー株式会社,0.000775,0.000759,2020,,,,,,
A0470,おきなわコープエナジー株式会社,0.000696,0.000683,2021,,,,,,
A0471,久慈地域エネルギー株式会社,0.000553,0.000571,2018,,,,,,
A0471,久慈地域エネルギー株式会社,0.000525,0.000541,2019,,,,,,
A0471,久慈地域エネルギー株式会社,0.00042,0.000541,2020,,,,,,
A0471,久慈地域エネルギー株式会社,0.000426,0.000492,2021,,,,,,
A0472,弘前ガス株式会社,0.000527,0.000481,2018,,,,,,
A0472,弘前ガス株式会社,0.000625,0.000576,2019,,,,,,
A0472,弘前ガス株式会社,0.000333,0.000278,2020,,,,,,
A0472,弘前ガス株式会社,0.000477,0.000468,2021,,,,,,
A0473,株式会社フォーバルテレコム,0.000483,0.000437,2018,,,,,,
A0473,株式会社フォーバルテレコム,0.000473,0.000424,2019,,,,,,
A0473,株式会社フォーバルテレコム,0.000444,0.000389,2020,,,,,,
A0473,株式会社フォーバルテレコム,0.000475,0.000389,2021,,,,,,
A0474,,,,2018,,,,,,
A0474,,,,2019,,,,,,
A0474,,,,2020,,,,,,
A0474,,,,2021,,,,,,
A0475,信州電力株式会社,0.00055,0.000596,2018,,,,,,
A0475,信州電力株式会社,0.000519,0.000546,2019,,,,,,
A0475,信州電力株式会社,0.000497,0.000526,2020,,,,,,
A0475,信州電力株式会社,,,2021,,,,,,
A0476,株式会社グランデータ,0.000517,0.000555,2018,,,,,,
A0476,株式会社グランデータ,0.000486,0.000525,2019,,,,,,
A0476,株式会社グランデータ,0.000478,0.000504,2020,,,,,,
A0476,株式会社グランデータ,0.000522,0.00052,2021,,,,,,
A0477,くるめエネルギー株式会社,0.000312,0.000266,2018,,,,,,
A0477,くるめエネルギー株式会社,0.000449,0.000396,2019,,,,,,
A0477,くるめエネルギー株式会社,0.000426,0.000371,2020,,,,,,
A0477,くるめエネルギー株式会社,0.000554,0.000498,2021,,,,,,
A0478,株式会社はまエネ,0.000574,0.000626,2018,,,,,,
A0478,株式会社はまエネ,0.000504,0.000531,2019,,,,,,
A0478,株式会社はまエネ,0.00049,0.000517,2020,,,,,,
A0478,株式会社はまエネ,0.000495,0.000536,2021,,,,,,
A0479,株式会社ホープ,0.000541,0.00039,2018,,,,,,
A0479,株式会社ホープ,0.000524,0.000378,2019,,,,,,
A0479,株式会社ホープ,0.000473,0.000474,2020,,,,,,
A0479,株式会社ホープ,,,2021,,,,,,
A0480,松阪新電力株式会社,0.00022,0.000431,2018,,,,,,
A0480,松阪新電力株式会社,0.000202,0.000359,2019,,,,,,
A0480,松阪新電力株式会社,0.000114,0.000322,2020,,,,,,
A0480,松阪新電力株式会社,0.000092,0.000351,2021,,,,,,
A0481,ヒューリックプロパティソリューション株式会社,0.00045,0.000567,2018,,,,,,
A0481,ヒューリックプロパティソリューション株式会社,0.000424,0.000489,2019,,,,,,
A0481,ヒューリックプロパティソリューション株式会社,0.000347,0.00043,2020,,,,,,
A0481,ヒューリックプロパティソリューション株式会社,0.000315,0.000495,2021,,,,,,
A0482,宮崎電力株式会社,0.000495,0.000589,2018,,,,,,
A0482,宮崎電力株式会社,0.000457,0.000448,2019,,,,,,
A0482,宮崎電力株式会社,0.000374,0.000333,2020,,,,,,
A0482,宮崎電力株式会社,0.000403,0.00045,2021,,,,,,
A0483,みの市民エネルギー株式会社,0.000557,0.000593,2018,,,,,,
A0483,みの市民エネルギー株式会社,0.000508,0.00053,2019,,,,,,
A0483,みの市民エネルギー株式会社,0.000496,0.000523,2020,,,,,,
A0483,みの市民エネルギー株式会社,0.000518,0.000563,2021,,,,,,
A0484,三友エンテック株式会社,0.000486,0.00044,2018,,,,,,
A0484,三友エンテック株式会社,0.000473,0.000424,2019,,,,,,
A0484,三友エンテック株式会社,0.000444,0.000389,2020,,,,,,
A0484,三友エンテック株式会社,0.000475,0.000419,2021,,,,,,
A0485,,,,2018,,,,,,
A0485,,,,2019,,,,,,
A0485,,,,2020,,,,,,
A0485,,,,2021,,,,,,
A0486,府中・調布まちなかエナジー株式会社,0.000537,0.000566,2018,,,,,,
A0486,府中・調布まちなかエナジー株式会社,0.000495,0.000513,2019,,,,,,
A0486,府中・調布まちなかエナジー株式会社,0.000473,0.000495,2020,,,,,,
A0486,府中・調布まちなかエナジー株式会社,0.00048,0.000495,2021,,,,,,
A0487,伊勢志摩電力株式会社,0.000504,0.000528,2018,,,,,,
A0487,伊勢志摩電力株式会社,0.000537,0.000559,2019,,,,,,
A0487,伊勢志摩電力株式会社,0.000515,0.000536,2020,,,,,,
A0487,伊勢志摩電力株式会社,0.000483,0.000483,2021,,,,,,
A0488,一般社団法人塩尻市森林公社,0.000492,0.000566,2018,,,,,,
A0488,一般社団法人塩尻市森林公社,0.000473,0.000529,2019,,,,,,
A0488,一般社団法人塩尻市森林公社,0.000319,0.000448,2020,,,,,,
A0488,一般社団法人塩尻市森林公社,,,2021,,,,,,
A0489,九州スポーツ電力株式会社,0.000549,0.000503,2018,,,,,,
A0489,九州スポーツ電力株式会社,0.000576,0.000527,2019,,,,,,
A0489,九州スポーツ電力株式会社,0.000732,0.000677,2020,,,,,,
A0489,九州スポーツ電力株式会社,,,2021,,,,,,
A0490,株式会社ＣＤエナジーダイレクト,0.000476,0.00043,2018,,,,,,
A0490,株式会社ＣＤエナジーダイレクト,0.000481,0.000432,2019,,,,,,
A0490,株式会社ＣＤエナジーダイレクト,0.000413,0.000432,2020,,,,,,
A0490,株式会社ＣＤエナジーダイレクト,0.000411,0.000361,2021,,,,,,
A0491,Q.ENESTでんき株式会社,0.000511,0.000465,2018,,,,,,
A0491,Q.ENESTでんき株式会社,0.000488,0.000439,2019,,,,,,
A0491,Q.ENESTでんき株式会社,0.000505,0.000472,2020,,,,,,
A0491,Q.ENESTでんき株式会社,0.000459,0.000472,2021,,,,,,
A0492,,,,2018,,,,,,
A0492,,,,2019,,,,,,
A0492,,,,2020,,,,,,
A0492,,,,2021,,,,,,
A0493,株式会社ぶんごおおのエナジー,0.000511,0.000556,2018,,,,,,
A0493,株式会社ぶんごおおのエナジー,0.00042,0.000478,2019,,,,,,
A0493,株式会社ぶんごおおのエナジー,0.000362,0.000465,2020,,,,,,
A0493,株式会社ぶんごおおのエナジー,0.000377,0.000419,2021,,,,,,
A0494,ヴィジョナリーパワー株式会社,0.000519,0.000555,2018,,,,,,
A0494,ヴィジョナリーパワー株式会社,0.000524,0.000548,2019,,,,,,
A0494,ヴィジョナリーパワー株式会社,0.000491,0.00051,2020,,,,,,
A0494,ヴィジョナリーパワー株式会社,0.000379,0.000323,2021,,,,,,
A0495,有明エナジー株式会社,0.000489,0.000447,2018,,,,,,
A0495,有明エナジー株式会社,0.000413,0.000364,2019,,,,,,
A0495,有明エナジー株式会社,0.000476,0.000427,2020,,,,,,
A0495,有明エナジー株式会社,0.000339,0.000293,2021,,,,,,
A0496,,,,2018,,,,,,
A0496,,,,2019,,,,,,
A0496,,,,2020,,,,,,
A0496,,,,2021,,,,,,
A0497,,,,2018,,,,,,
A0497,,,,2019,,,,,,
A0497,,,,2020,,,,,,
A0497,,,,2021,,,,,,
A0498,フェニックスエナジー合同会社,0.000581,0.000619,2018,,,,,,
A0498,フェニックスエナジー合同会社,0.000503,0.000517,2019,,,,,,
A0498,フェニックスエナジー合同会社,0.000512,0.00051,2020,,,,,,
A0498,フェニックスエナジー合同会社,,,2021,,,,,,
A0499,厚木瓦斯株式会社,0.000578,0.000563,2018,,,,,,
A0499,厚木瓦斯株式会社,0.000502,0.000453,2019,,,,,,
A0499,厚木瓦斯株式会社,0.000447,0.000392,2020,,,,,,
A0499,厚木瓦斯株式会社,0.000364,0.000392,2021,,,,,,
A0500,株式会社エネ・ビジョン,0.000475,0.000429,2018,,,,,,
A0500,株式会社エネ・ビジョン,0.000399,0.00035,2019,,,,,,
A0500,株式会社エネ・ビジョン,0.000477,0.000422,2020,,,,,,
A0500,株式会社エネ・ビジョン,0.000292,0.000236,2021,,,,,,
A0501,イワタニ三重株式会社,0.000333,0.00047,2018,,,,,,
A0501,イワタニ三重株式会社,0.000502,0.000453,2019,,,,,,
A0501,イワタニ三重株式会社,0.000447,0.000392,2020,,,,,,
A0501,イワタニ三重株式会社,0.000364,0.000308,2021,,,,,,
A0502,株式会社マルヰ,0.000559,0.000597,2018,,,,,,
A0502,株式会社マルヰ,0.000523,0.000545,2019,,,,,,
A0502,株式会社マルヰ,0.000504,0.000527,2020,,,,,,
A0502,株式会社マルヰ,0.000464,0.000447,2021,,,,,,
A0503,大多喜ガス株式会社,0.000481,0.000435,2018,,,,,,
A0503,大多喜ガス株式会社,0.000504,0.00046,2019,,,,,,
A0503,大多喜ガス株式会社,0.00057,0.000542,2020,,,,,,
A0503,大多喜ガス株式会社,0.000432,0.000399,2021,,,,,,
A0504,,,,2018,,,,,,
A0504,,,,2019,,,,,,
A0504,,,,2020,,,,,,
A0504,,,,2021,,,,,,
A0505,郡上エネルギー株式会社,0.000515,0.000545,2018,,,,,,
A0505,郡上エネルギー株式会社,0.000515,0.000538,2019,,,,,,
A0505,郡上エネルギー株式会社,0.000482,0.000512,2020,,,,,,
A0505,郡上エネルギー株式会社,,,2021,,,,,,
A0506,鈴与電力株式会社,0.000537,0.000579,2018,,,,,,
A0506,鈴与電力株式会社,0.000505,0.000527,2019,,,,,,
A0506,鈴与電力株式会社,0.000495,0.000527,2020,,,,,,
A0506,鈴与電力株式会社,0.000459,0.000459,2021,,,,,,
A0507,コープ電力株式会社,0.000104,0.000541,2018,,,,,,
A0507,コープ電力株式会社,0.000218,0.000499,2019,,,,,,
A0507,コープ電力株式会社,0.000153,0.000342,2020,,,,,,
A0507,コープ電力株式会社,0.00023,0.000387,2021,,,,,,
A0508,生活協同組合コープぐんま,0.000441,0.000395,2018,,,,,,
A0508,生活協同組合コープぐんま,0.000456,0.000406,2019,,,,,,
A0508,生活協同組合コープぐんま,0.00039,0.000335,2020,,,,,,
A0508,生活協同組合コープぐんま,0.000371,0.000316,2021,,,,,,
A0509,とちぎコープ生活協同組合,0.000441,0.000395,2018,,,,,,
A0509,とちぎコープ生活協同組合,0.000456,0.000406,2019,,,,,,
A0509,とちぎコープ生活協同組合,0.00039,0.000335,2020,,,,,,
A0509,とちぎコープ生活協同組合,0.000372,0.000316,2021,,,,,,
A0510,いばらきコープ生活協同組合,0.000441,0.000395,2018,,,,,,
A0510,いばらきコープ生活協同組合,0.000455,0.000406,2019,,,,,,
A0510,いばらきコープ生活協同組合,0.00039,0.000335,2020,,,,,,
A0510,いばらきコープ生活協同組合,0.000372,0.000316,2021,,,,,,
A0511,亀岡ふるさとエナジー株式会社,0.000155,0.000586,2018,,,,,,
A0511,亀岡ふるさとエナジー株式会社,0.000044,0.000484,2019,,,,,,
A0511,亀岡ふるさとエナジー株式会社,0.000261,0.000507,2020,,,,,,
A0511,亀岡ふるさとエナジー株式会社,0.000075,0.000514,2021,,,,,,
A0512,ＩＳエナジー株式会社,0.000537,0.00051,2018,,,,,,
A0512,ＩＳエナジー株式会社,0.000537,0.00051,2019,,,,,,
A0512,ＩＳエナジー株式会社,0.000517,0.000524,2020,,,,,,
A0512,ＩＳエナジー株式会社,,,2021,,,,,,
A0513,株式会社織戸組,0.000531,0.000485,2018,,,,,,
A0513,株式会社織戸組,0.000523,0.000473,2019,,,,,,
A0513,株式会社織戸組,0.000504,0.000449,2020,,,,,,
A0513,株式会社織戸組,0.000471,0.000449,2021,,,,,,
A0514,ふかやｅパワー株式会社,0.000492,0.000483,2018,,,,,,
A0514,ふかやｅパワー株式会社,0.000539,0.000556,2019,,,,,,
A0514,ふかやｅパワー株式会社,0.000457,0.000556,2020,,,,,,
A0514,ふかやｅパワー株式会社,0.000452,0.000429,2021,,,,,,
A0515,株式会社Ｌｉｎｋ　Ｌｉｆｅ,0.000648,0.000708,2018,,,,,,
A0515,株式会社Ｌｉｎｋ　Ｌｉｆｅ,0.000583,0.000618,2019,,,,,,
A0515,株式会社Ｌｉｎｋ　Ｌｉｆｅ,0.000521,0.000545,2020,,,,,,
A0515,株式会社Ｌｉｎｋ　Ｌｉｆｅ,0.000516,0.000531,2021,,,,,,
A0516,,,,2018,,,,,,
A0516,,,,2019,,,,,,
A0516,,,,2020,,,,,,
A0516,,,,2021,,,,,,
A0517,,,,2018,,,,,,
A0517,,,,2019,,,,,,
A0517,,,,2020,,,,,,
A0517,,,,2021,,,,,,
A0518,株式会社グローバルキャスト,0.00061,0.000648,2018,,,,,,
A0518,株式会社グローバルキャスト,0.000522,0.000547,2019,,,,,,
A0518,株式会社グローバルキャスト,0.000491,0.000571,2020,,,,,,
A0518,株式会社グローバルキャスト,0.000374,0.000318,2021,,,,,,
A0519,日本エネルギー総合システム株式会社,0.000526,0.00055,2018,,,,,,
A0519,日本エネルギー総合システム株式会社,0.00055,0.00055,2019,,,,,,
A0519,日本エネルギー総合システム株式会社,0.000462,0.00055,2020,,,,,,
A0519,日本エネルギー総合システム株式会社,0.0005,0.000462,2021,,,,,,
A0520,イワタニ東海株式会社,0.000333,0.00047,2018,,,,,,
A0520,イワタニ東海株式会社,0.000502,0.000453,2019,,,,,,
A0520,イワタニ東海株式会社,0.000447,0.000392,2020,,,,,,
A0520,イワタニ東海株式会社,0.000364,0.000308,2021,,,,,,
A0521,,,,2018,,,,,,
A0521,,,,2019,,,,,,
A0521,,,,2020,,,,,,
A0521,,,,2021,,,,,,
A0522,株式会社デライトアップ,,,2018,,,,,,
A0522,株式会社デライトアップ,0.000478,0.000504,2019,,,,,,
A0522,株式会社デライトアップ,0.000478,0.000504,2020,,,,,,
A0522,株式会社デライトアップ,0.000475,0.000464,2021,,,,,,
A0523,,,,2018,,,,,,
A0523,,,,2019,,,,,,
A0523,,,,2020,,,,,,
A0523,,,,2021,,,,,,
A0524,株式会社オンテックス,0.000666,0.000726,2018,,,,,,
A0524,株式会社オンテックス,0.000558,0.000558,2019,,,,,,
A0524,株式会社オンテックス,0.000511,0.000539,2020,,,,,,
A0524,株式会社オンテックス,,,2021,,,,,,
A0525,株式会社ところざわ未来電力,0.000055,0.000273,2018,,,,,,
A0525,株式会社ところざわ未来電力,0.000041,0.000264,2019,,,,,,
A0525,株式会社ところざわ未来電力,0.000069,0.000264,2020,,,,,,
A0525,株式会社ところざわ未来電力,0.000058,0.000318,2021,,,,,,
A0526,朝日ガスエナジー株式会社,0.000333,0.00047,2018,,,,,,
A0526,朝日ガスエナジー株式会社,0.000502,0.000453,2019,,,,,,
A0526,朝日ガスエナジー株式会社,0.000447,0.000392,2020,,,,,,
A0526,朝日ガスエナジー株式会社,0.000364,0.000308,2021,,,,,,
A0527,,,,2018,,,,,,
A0527,,,,2019,,,,,,
A0527,,,,2020,,,,,,
A0527,,,,2021,,,,,,
A0528,株式会社エネファント,0.000517,0.000555,2018,,,,,,
A0528,株式会社エネファント,0.000486,0.000378,2019,,,,,,
A0528,株式会社エネファント,0.000478,0.000378,2020,,,,,,
A0528,株式会社エネファント,0.000463,0.000501,2021,,,,,,
A0529,株式会社エスエナジー,0.000538,0.000567,2018,,,,,,
A0529,株式会社エスエナジー,0.000534,0.000563,2019,,,,,,
A0529,株式会社エスエナジー,0.000486,0.000429,2020,,,,,,
A0529,株式会社エスエナジー,0.000478,0.000522,2021,,,,,,
A0530,,,,2018,,,,,,
A0530,,,,2019,,,,,,
A0530,,,,2020,,,,,,
A0530,,,,2021,,,,,,
A0531,,,,2018,,,,,,
A0531,,,,2019,,,,,,
A0531,,,,2020,,,,,,
A0531,,,,2021,,,,,,
A0532,株式会社Mpower,0.000488,0.000488,2018,,,,,,
A0532,株式会社Mpower,0.000518,0.000536,2019,,,,,,
A0532,株式会社Mpower,0.000504,0.00053,2020,,,,,,
A0532,株式会社Mpower,0.000385,0.000372,2021,,,,,,
A0533,秩父新電力株式会社,0.000287,0.000314,2018,,,,,,
A0533,秩父新電力株式会社,0.000306,0.000389,2019,,,,,,
A0533,秩父新電力株式会社,0.000331,0.000389,2020,,,,,,
A0533,秩父新電力株式会社,0.000314,0.000294,2021,,,,,,
A0534,みよしエナジー株式会社,0.00057,0.000614,2018,,,,,,
A0534,みよしエナジー株式会社,0.000452,0.000469,2019,,,,,,
A0534,みよしエナジー株式会社,0.000506,0.000534,2020,,,,,,
A0534,みよしエナジー株式会社,0.000233,0.000494,2021,,,,,,
A0535,,,,2018,,,,,,
A0535,,,,2019,,,,,,
A0535,,,,2020,,,,,,
A0535,,,,2021,,,,,,
A0536,東日本ガス株式会社,0.000733,0.000687,2018,,,,,,
A0536,東日本ガス株式会社,0.000523,0.000474,2019,,,,,,
A0536,東日本ガス株式会社,0.000549,0.000534,2020,,,,,,
A0536,東日本ガス株式会社,0.000493,0.000436,2021,,,,,,
A0537,東彩ガス株式会社,0.000724,0.000678,2018,,,,,,
A0537,東彩ガス株式会社,0.000524,0.000475,2019,,,,,,
A0537,東彩ガス株式会社,0.000549,0.000495,2020,,,,,,
A0537,東彩ガス株式会社,0.000493,0.000494,2021,,,,,,
A0538,綿半パートナーズ株式会社,0.000578,0.000612,2018,,,,,,
A0538,綿半パートナーズ株式会社,0.000453,0.000574,2019,,,,,,
A0538,綿半パートナーズ株式会社,0.000512,0.000494,2020,,,,,,
A0538,綿半パートナーズ株式会社,0.000512,0.00056,2021,,,,,,
A0539,株式会社ｋａｒｃｈ,0.000198,0.000483,2018,,,,,,
A0539,株式会社ｋａｒｃｈ,0.000203,0.000449,2019,,,,,,
A0539,株式会社ｋａｒｃｈ,0.000247,0.000401,2020,,,,,,
A0539,株式会社ｋａｒｃｈ,0.000101,0.000407,2021,,,,,,
A0540,,,,2018,,,,,,
A0540,,,,2019,,,,,,
A0540,,,,2020,,,,,,
A0540,,,,2021,,,,,,
A0541,,,,2018,,,,,,
A0541,,,,2019,,,,,,
A0541,,,,2020,,,,,,
A0541,,,,2021,,,,,,
A0542,森の灯り株式会社,,,2018,,,,,,
A0542,森の灯り株式会社,0,0.00039,2019,,,,,,
A0542,森の灯り株式会社,0,0.00039,2020,,,,,,
A0542,森の灯り株式会社,0.000507,0.000542,2021,,,,,,
A0543,株式会社かみでん里山公社,0.00055,0.000554,2018,,,,,,
A0543,株式会社かみでん里山公社,0.000511,0.000517,2019,,,,,,
A0543,株式会社かみでん里山公社,0.000384,0.000492,2020,,,,,,
A0543,株式会社かみでん里山公社,0.000326,0.000469,2021,,,,,,
A0544,レックスイノベーション株式会社,0.000593,0.000628,2018,,,,,,
A0544,レックスイノベーション株式会社,0.000561,0.000593,2019,,,,,,
A0544,レックスイノベーション株式会社,0.000525,0.000532,2020,,,,,,
A0544,レックスイノベーション株式会社,,,2021,,,,,,
A0545,,,,2018,,,,,,
A0545,,,,2019,,,,,,
A0545,,,,2020,,,,,,
A0545,,,,2021,,,,,,
A0546,株式会社三郷ひまわりエナジー,0.0004,0.000355,2018,,,,,,
A0546,株式会社三郷ひまわりエナジー,0.000401,0.000356,2019,,,,,,
A0546,株式会社三郷ひまわりエナジー,0.000459,0.000422,2020,,,,,,
A0546,株式会社三郷ひまわりエナジー,0.000481,0.000447,2021,,,,,,
A0547,株式会社球磨村森電力,0.000413,0.000364,2018,,,,,,
A0547,株式会社球磨村森電力,0.000418,0.000368,2019,,,,,,
A0547,株式会社球磨村森電力,0.000484,0.000429,2020,,,,,,
A0547,株式会社球磨村森電力,0.000328,0.000272,2021,,,,,,
A0548,北日本ガス株式会社,0.000726,0.00068,2018,,,,,,
A0548,北日本ガス株式会社,0.000528,0.000479,2019,,,,,,
A0548,北日本ガス株式会社,0.000549,0.000494,2020,,,,,,
A0548,北日本ガス株式会社,0.000493,0.000435,2021,,,,,,
A0549,くこくエネルギー株式会社,,,2018,,,,,,
A0549,くこくエネルギー株式会社,,,2019,,,,,,
A0549,くこくエネルギー株式会社,0.00047,0.000443,2020,,,,,,
A0549,くこくエネルギー株式会社,0.000501,0.000531,2021,,,,,,
A0550,株式会社エコログ,,,2018,,,,,,
A0550,株式会社エコログ,,,2019,,,,,,
A0550,株式会社エコログ,,,2020,,,,,,
A0550,株式会社エコログ,0.000542,0.000545,2021,,,,,,
A0551,飯田まちづくり電力株式会社,0.000375,0.000493,2018,,,,,,
A0551,飯田まちづくり電力株式会社,0.000361,0.000515,2019,,,,,,
A0551,飯田まちづくり電力株式会社,0.000326,0.000456,2020,,,,,,
A0551,飯田まちづくり電力株式会社,0.000266,0.000456,2021,,,,,,
A0552,イワタニ長野株式会社,0.000333,0.00047,2018,,,,,,
A0552,イワタニ長野株式会社,0.000502,0.000453,2019,,,,,,
A0552,イワタニ長野株式会社,0.000447,0.000392,2020,,,,,,
A0552,イワタニ長野株式会社,0.000364,0.000308,2021,,,,,,
A0553,シェルジャパン株式会社,0.000488,0.000488,2018,,,,,,
A0553,シェルジャパン株式会社,0.000488,0.000776,2019,,,,,,
A0553,シェルジャパン株式会社,0.00047,0.000776,2020,,,,,,
A0553,シェルジャパン株式会社,0.000453,0.00063,2021,,,,,,
A0554,株式会社クボタ,0.000451,0.000405,2018,,,,,,
A0554,株式会社クボタ,0.000455,0.000405,2019,,,,,,
A0554,株式会社クボタ,0.000417,0.000362,2020,,,,,,
A0554,株式会社クボタ,0.000399,0.000343,2021,,,,,,
A0555,石油資源開発株式会社,0.000494,0.000508,2018,,,,,,
A0555,石油資源開発株式会社,0.000488,0.000488,2019,,,,,,
A0555,石油資源開発株式会社,0.00047,0.00047,2020,,,,,,
A0555,石油資源開発株式会社,0.000453,0.000453,2021,,,,,,
A0556,越後天然ガス株式会社,0.000532,0.000293,2018,,,,,,
A0556,越後天然ガス株式会社,0.000531,0.000555,2019,,,,,,
A0556,越後天然ガス株式会社,0.000505,0.000293,2020,,,,,,
A0556,越後天然ガス株式会社,0.000522,0.000293,2021,,,,,,
A0557,株式会社大仙こまちパワー,0.000003,0.000436,2018,,,,,,
A0557,株式会社大仙こまちパワー,0.000024,0.000436,2019,,,,,,
A0557,株式会社大仙こまちパワー,0.000016,0.000433,2020,,,,,,
A0557,株式会社大仙こまちパワー,0.000014,0.000423,2021,,,,,,
A0558,坂戸ガス株式会社,0.000482,0.000433,2018,,,,,,
A0558,坂戸ガス株式会社,0.000482,0.000433,2019,,,,,,
A0558,坂戸ガス株式会社,0.000454,0.000399,2020,,,,,,
A0558,坂戸ガス株式会社,0.000407,0.000351,2021,,,,,,
A0559,株式会社デベロップ,0.000419,0.00037,2018,,,,,,
A0559,株式会社デベロップ,0.000419,0.00037,2019,,,,,,
A0559,株式会社デベロップ,0.000481,0.000427,2020,,,,,,
A0559,株式会社デベロップ,0.0004,0.000344,2021,,,,,,
A0560,株式会社テレ・マーカー,0.000618,0.00066,2018,,,,,,
A0560,株式会社テレ・マーカー,0.000522,0.000551,2019,,,,,,
A0560,株式会社テレ・マーカー,0.000541,0.000555,2020,,,,,,
A0560,株式会社テレ・マーカー,0.000629,0.000586,2021,,,,,,
A0561,,,,2018,,,,,,
A0561,,,,2019,,,,,,
A0561,,,,2020,,,,,,
A0561,,,,2021,,,,,,
A0562,ＭＧＣエネルギー株式会社,0.000548,0.000544,2018,,,,,,
A0562,ＭＧＣエネルギー株式会社,0.000527,0.000523,2019,,,,,,
A0562,ＭＧＣエネルギー株式会社,0.00025,0.000405,2020,,,,,,
A0562,ＭＧＣエネルギー株式会社,0.000385,0.000342,2021,,,,,,
A0563,,,,2018,,,,,,
A0563,,,,2019,,,,,,
A0563,,,,2020,,,,,,
A0563,,,,2021,,,,,,
A0564,新日本瓦斯株式会社,0.00077,0.00072,2018,,,,,,
A0564,新日本瓦斯株式会社,0.000527,0.000477,2019,,,,,,
A0564,新日本瓦斯株式会社,,,2020,,,,,,
A0564,新日本瓦斯株式会社,,,2021,,,,,,
A0565,福島フェニックス電力株式会社,0.000499,0.000522,2018,,,,,,
A0565,福島フェニックス電力株式会社,0.000486,0.000514,2019,,,,,,
A0565,福島フェニックス電力株式会社,0.000095,0.00013,2020,,,,,,
A0565,福島フェニックス電力株式会社,0.000453,0.000502,2021,,,,,,
A0566,あんしん電力合同会社,,,2018,,,,,,
A0566,あんしん電力合同会社,0.000534,0.000479,2019,,,,,,
A0566,あんしん電力合同会社,0.000534,0.000479,2020,,,,,,
A0566,あんしん電力合同会社,0.000447,0.000459,2021,,,,,,
A0567,株式会社美作国電力,0.000528,0.000479,2018,,,,,,
A0567,株式会社美作国電力,0.000539,0.00049,2019,,,,,,
A0567,株式会社美作国電力,0.000562,0.000507,2020,,,,,,
A0567,株式会社美作国電力,0.00051,0.000454,2021,,,,,,
A0568,エア・ウォーター株式会社,0.000475,0.000426,2018,,,,,,
A0568,エア・ウォーター株式会社,0.000475,0.000426,2019,,,,,,
A0568,エア・ウォーター株式会社,0.000491,0.000436,2020,,,,,,
A0568,エア・ウォーター株式会社,0.000464,0.000408,2021,,,,,,
A0569,,,,2018,,,,,,
A0569,,,,2019,,,,,,
A0569,,,,2020,,,,,,
A0569,,,,2021,,,,,,
A0570,八幡商事株式会社,,,2018,,,,,,
A0570,八幡商事株式会社,0.000502,0.000453,2019,,,,,,
A0570,八幡商事株式会社,0.000447,0.000392,2020,,,,,,
A0570,八幡商事株式会社,0.000364,0.000308,2021,,,,,,
A0571,おいでんエネルギー株式会社,0.000561,0.000603,2018,,,,,,
A0571,おいでんエネルギー株式会社,0.000469,0.000531,2019,,,,,,
A0571,おいでんエネルギー株式会社,0.000491,0.000542,2020,,,,,,
A0571,おいでんエネルギー株式会社,0.00047,0.000542,2021,,,,,,
A0572,株式会社イシオ,0.000486,0.000506,2018,,,,,,
A0572,株式会社イシオ,0.000486,0.000506,2019,,,,,,
A0572,株式会社イシオ,0.000549,0.000585,2020,,,,,,
A0572,株式会社イシオ,0.000509,0.000572,2021,,,,,,
A0573,北陸電力ビズ・エナジーソリューション株式会社,,,2018,,,,,,
A0573,北陸電力ビズ・エナジーソリューション株式会社,,,2019,,,,,,
A0573,北陸電力ビズ・エナジーソリューション株式会社,,,2020,,,,,,
A0573,北陸電力ビズ・エナジーソリューション株式会社,0.00077,0.000248,2021,,,,,,
A0574,,,,2018,,,,,,
A0574,,,,2019,,,,,,
A0574,,,,2020,,,,,,
A0574,,,,2021,,,,,,
A0575,加賀市総合サービス株式会社,0.000512,0.000507,2018,,,,,,
A0575,加賀市総合サービス株式会社,0.000511,0.000505,2019,,,,,,
A0575,加賀市総合サービス株式会社,0.000332,0.00047,2020,,,,,,
A0575,加賀市総合サービス株式会社,0.000496,0.000493,2021,,,,,,
A0576,,,,2018,,,,,,
A0576,,,,2019,,,,,,
A0576,,,,2020,,,,,,
A0576,,,,2021,,,,,,
A0577,丸紅伊那みらいでんき株式会社,0.000186,0.000284,2018,,,,,,
A0577,丸紅伊那みらいでんき株式会社,0.000186,0.000284,2019,,,,,,
A0577,丸紅伊那みらいでんき株式会社,0.0000134,0.000284,2020,,,,,,
A0577,丸紅伊那みらいでんき株式会社,0.00018,0.00029,2021,,,,,,
A0578,富士山エナジー株式会社,0.000481,0.000432,2018,,,,,,
A0578,富士山エナジー株式会社,0.000483,0.000499,2019,,,,,,
A0578,富士山エナジー株式会社,0.000483,0.000504,2020,,,,,,
A0578,富士山エナジー株式会社,0.000479,0.000514,2021,,,,,,
A0579,株式会社OKUTA,0.00065,0.000695,2018,,,,,,
A0579,株式会社OKUTA,0.000551,0.000582,2019,,,,,,
A0579,株式会社OKUTA,0.000525,0.00056,2020,,,,,,
A0579,株式会社OKUTA,,,2021,,,,,,
A0580,株式会社エナネス,0.000625,0.000664,2018,,,,,,
A0580,株式会社エナネス,0.000558,0.000588,2019,,,,,,
A0580,株式会社エナネス,0.000498,0.000525,2020,,,,,,
A0580,株式会社エナネス,0.000468,0.000441,2021,,,,,,
A0581,WSエナジー株式会社,0.000426,0.000377,2018,,,,,,
A0581,WSエナジー株式会社,0.000441,0.000392,2019,,,,,,
A0581,WSエナジー株式会社,0.000446,0.000392,2020,,,,,,
A0581,WSエナジー株式会社,0.000364,0.000372,2021,,,,,,
A0582,TERA Energy株式会社,0.000197,0.000148,2018,,,,,,
A0582,TERA Energy株式会社,0.000258,0.000209,2019,,,,,,
A0582,TERA Energy株式会社,0.000508,0.000453,2020,,,,,,
A0582,TERA Energy株式会社,0.000463,0.000407,2021,,,,,,
A0583,株式会社ケアネス,0.001011,0.0011,2018,,,,,,
A0583,株式会社ケアネス,0.000466,0.00489,2019,,,,,,
A0583,株式会社ケアネス,0.000511,0.00054,2020,,,,,,
A0583,株式会社ケアネス,0.000486,0.000525,2021,,,,,,
A0584,MCPD株式会社,0.000505,0.00046,2018,,,,,,
A0584,MCPD株式会社,0.00053,0.00048,2019,,,,,,
A0584,MCPD株式会社,0.000486,0.000431,2020,,,,,,
A0584,MCPD株式会社,0.000366,0.000431,2021,,,,,,
A0585,,,,2018,,,,,,
A0585,,,,2019,,,,,,
A0585,,,,2020,,,,,,
A0585,,,,2021,,,,,,
A0586,グリーンシティこばやし株式会社,0.00036,0.000331,2018,,,,,,
A0586,グリーンシティこばやし株式会社,0.000424,0.000415,2019,,,,,,
A0586,グリーンシティこばやし株式会社,0.00048,0.000514,2020,,,,,,
A0586,グリーンシティこばやし株式会社,0.000428,0.000507,2021,,,,,,
A0587,株式会社吉田石油店,0.000502,0.000453,2018,,,,,,
A0587,株式会社吉田石油店,0.000502,0.000453,2019,,,,,,
A0587,株式会社吉田石油店,0.000447,0.000392,2020,,,,,,
A0587,株式会社吉田石油店,0.000364,0.000308,2021,,,,,,
A0588,,,,2018,,,,,,
A0588,,,,2019,,,,,,
A0588,,,,2020,,,,,,
A0588,,,,2021,,,,,,
A0589,スマートエナジー熊本株式会社,0.000071,0.000066,2018,,,,,,
A0589,スマートエナジー熊本株式会社,0.000068,0.000069,2019,,,,,,
A0589,スマートエナジー熊本株式会社,0.000081,0,2020,,,,,,
A0589,スマートエナジー熊本株式会社,0.000045,0,2021,,,,,,
A0590,福山未来エナジー株式会社,0.000229,0.000353,2018,,,,,,
A0590,福山未来エナジー株式会社,0.00024,0.000364,2019,,,,,,
A0590,福山未来エナジー株式会社,0.000193,0.000349,2020,,,,,,
A0590,福山未来エナジー株式会社,0.000208,0.000351,2021,,,,,,
A0591,,,,2018,,,,,,
A0591,,,,2019,,,,,,
A0591,,,,2020,,,,,,
A0591,,,,2021,,,,,,
A0592,株式会社メディオテック,0.000565,0.000586,2018,,,,,,
A0592,株式会社メディオテック,0.000519,0.000538,2019,,,,,,
A0592,株式会社メディオテック,0.000471,0.00049,2020,,,,,,
A0592,株式会社メディオテック,0.000495,0.00049,2021,,,,,,
A0593,株式会社Sanko IB,0.00054,0.000569,2018,,,,,,
A0593,株式会社Sanko IB,0.000488,0.000517,2019,,,,,,
A0593,株式会社Sanko IB,0.000502,0.000532,2020,,,,,,
A0593,株式会社Sanko IB,0.000499,0.00055,2021,,,,,,
A0594,,,,2018,,,,,,
A0594,,,,2019,,,,,,
A0594,,,,2020,,,,,,
A0594,,,,2021,,,,,,
A0595,,,,2018,,,,,,
A0595,,,,2019,,,,,,
A0595,,,,2020,,,,,,
A0595,,,,2021,,,,,,
A0596,五島市民電力株式会社,0.000132,0.000307,2018,,,,,,
A0596,五島市民電力株式会社,0.000145,0.000294,2019,,,,,,
A0596,五島市民電力株式会社,0.000334,0.000413,2020,,,,,,
A0596,五島市民電力株式会社,0.000387,0.000413,2021,,,,,,
A0597,電力保全サービス株式会社,0.000457,0.000407,2018,,,,,,
A0597,電力保全サービス株式会社,0.000419,0.00037,2019,,,,,,
A0597,電力保全サービス株式会社,0.000461,0.000406,2020,,,,,,
A0597,電力保全サービス株式会社,0.0004,0.000344,2021,,,,,,
A0598,リストプロパティーズ株式会社,0.000606,0.000638,2018,,,,,,
A0598,リストプロパティーズ株式会社,0.000557,0.000588,2019,,,,,,
A0598,リストプロパティーズ株式会社,0.000493,0.00052,2020,,,,,,
A0598,リストプロパティーズ株式会社,0.000501,0.000538,2021,,,,,,
A0599,,,,2018,,,,,,
A0599,,,,2019,,,,,,
A0599,,,,2020,,,,,,
A0599,,,,2021,,,,,,
A0600,株式会社インフォシステム,0.000696,0.000647,2018,,,,,,
A0600,株式会社インフォシステム,0.000788,0.000739,2019,,,,,,
A0600,株式会社インフォシステム,0.000491,0.000436,2020,,,,,,
A0600,株式会社インフォシステム,0.000444,0.000477,2021,,,,,,
A0601,株式会社ナサホーム,0.000525,0.000551,2018,,,,,,
A0601,株式会社ナサホーム,,,2019,,,,,,
A0601,株式会社ナサホーム,,,2020,,,,,,
A0601,株式会社ナサホーム,,,2021,,,,,,
A0602,株式会社情熱電力,,,2018,,,,,,
A0602,株式会社情熱電力,0.000439,0.000447,2019,,,,,,
A0602,株式会社情熱電力,0.000439,0.000447,2020,,,,,,
A0602,株式会社情熱電力,0.00053,0.000474,2021,,,,,,
A0603,バンプーパワートレーディング合同会社,,,2018,,,,,,
A0603,バンプーパワートレーディング合同会社,0.000477,0.000449,2019,,,,,,
A0603,バンプーパワートレーディング合同会社,0.000556,0.000529,2020,,,,,,
A0603,バンプーパワートレーディング合同会社,0.000689,0.000622,2021,,,,,,
A0604,株式会社エイチティーピー,,,2018,,,,,,
A0604,株式会社エイチティーピー,,,2019,,,,,,
A0604,株式会社エイチティーピー,,,2020,,,,,,
A0604,株式会社エイチティーピー,0.000308,0.000252,2021,,,,,,
A0605,株式会社センカク,0.000522,0.000548,2018,,,,,,
A0605,株式会社センカク,0.000512,0.000433,2019,,,,,,
A0605,株式会社センカク,0.000503,0.000531,2020,,,,,,
A0605,株式会社センカク,0.000508,0.000545,2021,,,,,,
A0606,新電力いばらき株式会社,0.001026,0.000977,2018,,,,,,
A0606,新電力いばらき株式会社,0.000604,0.00055,2019,,,,,,
A0606,新電力いばらき株式会社,0.000518,0.000463,2020,,,,,,
A0606,新電力いばらき株式会社,0.000413,0.000357,2021,,,,,,
A0607,緑屋電気株式会社,0.000462,0,2018,,,,,,
A0607,緑屋電気株式会社,0.000505,0.000525,2019,,,,,,
A0607,緑屋電気株式会社,0.000487,0.000512,2020,,,,,,
A0607,緑屋電気株式会社,0.000447,0.000487,2021,,,,,,
A0608,,,,2018,,,,,,
A0608,,,,2019,,,,,,
A0608,,,,2020,,,,,,
A0608,,,,2021,,,,,,
A0609,株式会社ミナサポ,0.000513,0.000481,2018,,,,,,
A0609,株式会社ミナサポ,0.000511,0.000485,2019,,,,,,
A0609,株式会社ミナサポ,0.000463,0.000474,2020,,,,,,
A0609,株式会社ミナサポ,0.000317,0.0003,2021,,,,,,
A0610,唐津電力株式会社,,,2018,,,,,,
A0610,唐津電力株式会社,0.000309,0.000254,2019,,,,,,
A0610,唐津電力株式会社,0.000309,0.000254,2020,,,,,,
A0610,唐津電力株式会社,0.000393,0.000337,2021,,,,,,
A0611,RE100電力株式会社,0.000486,0.000004,2018,,,,,,
A0611,RE100電力株式会社,0.000168,0.000166,2019,,,,,,
A0611,RE100電力株式会社,0.000157,0.000166,2020,,,,,,
A0611,RE100電力株式会社,0.00016,0,2021,,,,,,
A0612,,,,2018,,,,,,
A0612,,,,2019,,,,,,
A0612,,,,2020,,,,,,
A0612,,,,2021,,,,,,
A0613,一般社団法人フライングエステート,0.000662,0.000706,2018,,,,,,
A0613,一般社団法人フライングエステート,0.000524,0.00055,2019,,,,,,
A0613,一般社団法人フライングエステート,0.000502,0.000529,2020,,,,,,
A0613,一般社団法人フライングエステート,,,2021,,,,,,
A0614,,,,2018,,,,,,
A0614,,,,2019,,,,,,
A0614,,,,2020,,,,,,
A0614,,,,2021,,,,,,
A0615,株式会社イーネットワーク,0.000502,0.000453,2018,,,,,,
A0615,株式会社イーネットワーク,0.000502,0.000453,2019,,,,,,
A0615,株式会社イーネットワーク,0.000481,0.000426,2020,,,,,,
A0615,株式会社イーネットワーク,0.000451,0.000395,2021,,,,,,
A0616,,,,2018,,,,,,
A0616,,,,2019,,,,,,
A0616,,,,2020,,,,,,
A0616,,,,2021,,,,,,
A0617,スマートエコエナジー株式会社,0.000385,0.000348,2018,,,,,,
A0617,スマートエコエナジー株式会社,0.000497,0.00047,2019,,,,,,
A0617,スマートエコエナジー株式会社,0.000422,0.00047,2020,,,,,,
A0617,スマートエコエナジー株式会社,0.000418,0.000361,2021,,,,,,
A0618,,,,2018,,,,,,
A0618,,,,2019,,,,,,
A0618,,,,2020,,,,,,
A0618,,,,2021,,,,,,
A0619,ジャパンベストレスキューシステム株式会社,0.00071,0.00076,2018,,,,,,
A0619,ジャパンベストレスキューシステム株式会社,0.000521,0.000552,2019,,,,,,
A0619,ジャパンベストレスキューシステム株式会社,0.000506,0.000534,2020,,,,,,
A0619,ジャパンベストレスキューシステム株式会社,,,2021,,,,,,
A0620,株式会社LENETS,,,2018,,,,,,
A0620,株式会社LENETS,0.000503,0.000529,2019,,,,,,
A0620,株式会社LENETS,0.000503,0.000529,2020,,,,,,
A0620,株式会社LENETS,0.000497,0.000542,2021,,,,,,
A0621,,,,2018,,,,,,
A0621,,,,2019,,,,,,
A0621,,,,2020,,,,,,
A0621,,,,2021,,,,,,
A0622,アイエスジー株式会社,0.00066,0.00061,2018,,,,,,
A0622,アイエスジー株式会社,0.000513,0.000464,2019,,,,,,
A0622,アイエスジー株式会社,0.0005,0.000444,2020,,,,,,
A0622,アイエスジー株式会社,0.000571,0.000515,2021,,,,,,
A0623,株式会社富士山電力,,,2018,,,,,,
A0623,株式会社富士山電力,,,2019,,,,,,
A0623,株式会社富士山電力,,,2020,,,,,,
A0623,株式会社富士山電力,0.000482,0.000504,2021,,,,,,
A0624,株式会社エネクル,0.000502,0.000453,2018,,,,,,
A0624,株式会社エネクル,0.000502,0.000453,2019,,,,,,
A0624,株式会社エネクル,0.000447,0.000392,2020,,,,,,
A0624,株式会社エネクル,0.000364,0.000308,2021,,,,,,
A0625,,,,2018,,,,,,
A0625,,,,2019,,,,,,
A0625,,,,2020,,,,,,
A0625,,,,2021,,,,,,
A0626,,,,2018,,,,,,
A0626,,,,2019,,,,,,
A0626,,,,2020,,,,,,
A0626,,,,2021,,,,,,
A0627,フィンテックラボ協同組合,0.000706,0.000689,2018,,,,,,
A0627,フィンテックラボ協同組合,0.000491,0.00051,2019,,,,,,
A0627,フィンテックラボ協同組合,0.000494,0.000528,2020,,,,,,
A0627,フィンテックラボ協同組合,0.000496,0.000547,2021,,,,,,
A0628,,,,2018,,,,,,
A0628,,,,2019,,,,,,
A0628,,,,2020,,,,,,
A0628,,,,2021,,,,,,
A0629,新電力新潟株式会社,0.000442,0.000393,2018,,,,,,
A0629,新電力新潟株式会社,0.000442,0.000393,2019,,,,,,
A0629,新電力新潟株式会社,0.000308,0.000261,2020,,,,,,
A0629,新電力新潟株式会社,0.000379,0.000323,2021,,,,,,
A0630,株式会社タケエイでんき,0.000411,0.000473,2018,,,,,,
A0630,株式会社タケエイでんき,0.00015,0.000431,2019,,,,,,
A0630,株式会社タケエイでんき,0.000088,0.000443,2020,,,,,,
A0630,株式会社タケエイでんき,0.000115,0.000448,2021,,,,,,
A0631,気仙沼グリーンエナジー株式会社,0.00006,0.000474,2018,,,,,,
A0631,気仙沼グリーンエナジー株式会社,0.000201,0.00057,2019,,,,,,
A0631,気仙沼グリーンエナジー株式会社,0.000307,0.000547,2020,,,,,,
A0631,気仙沼グリーンエナジー株式会社,0.000279,0.000547,2021,,,,,,
A0632,株式会社ユーラスグリーンエナジー,0.000363,0,2018,,,,,,
A0632,株式会社ユーラスグリーンエナジー,0.000021,0,2019,,,,,,
A0632,株式会社ユーラスグリーンエナジー,0.0005,0,2020,,,,,,
A0632,株式会社ユーラスグリーンエナジー,0.000312,0.000022,2021,,,,,,
A0633,株式会社サイホープロパティーズ,,,2018,,,,,,
A0633,株式会社サイホープロパティーズ,0.000626,0.000652,2019,,,,,,
A0633,株式会社サイホープロパティーズ,0.000626,0.000652,2020,,,,,,
A0633,株式会社サイホープロパティーズ,0.000582,0.000653,2021,,,,,,
A0634,,,,2018,,,,,,
A0634,,,,2019,,,,,,
A0634,,,,2020,,,,,,
A0634,,,,2021,,,,,,
A0635,GYRO HOLDINGS株式会社,,,2018,,,,,,
A0635,GYRO HOLDINGS株式会社,0.000505,0.000531,2019,,,,,,
A0635,GYRO HOLDINGS株式会社,0.000505,0.000531,2020,,,,,,
A0635,GYRO HOLDINGS株式会社,,,2021,,,,,,
A0636,生活協同組合コープながの,0.000458,0.000409,2018,,,,,,
A0636,生活協同組合コープながの,0.000457,0.000408,2019,,,,,,
A0636,生活協同組合コープながの,0.000393,0.000338,2020,,,,,,
A0636,生活協同組合コープながの,0.000372,0.000316,2021,,,,,,
A0637,京セラ関電エナジー合同会社,0.000214,0.000222,2018,,,,,,
A0637,京セラ関電エナジー合同会社,0.000508,0.000519,2019,,,,,,
A0637,京セラ関電エナジー合同会社,0.000449,0.00045,2020,,,,,,
A0637,京セラ関電エナジー合同会社,0.000637,0.000603,2021,,,,,,
A0638,,,,2018,,,,,,
A0638,,,,2019,,,,,,
A0638,,,,2020,,,,,,
A0638,,,,2021,,,,,,
A0639,酒田天然瓦斯株式会社,0.000502,0.000453,2018,,,,,,
A0639,酒田天然瓦斯株式会社,0.000502,0.000453,2019,,,,,,
A0639,酒田天然瓦斯株式会社,0.000447,0.000392,2020,,,,,,
A0639,酒田天然瓦斯株式会社,0.000364,0.000308,2021,,,,,,
A0640,東亜ガス株式会社,,,2018,,,,,,
A0640,東亜ガス株式会社,0.000511,0.000537,2019,,,,,,
A0640,東亜ガス株式会社,0.000511,0.000537,2020,,,,,,
A0640,東亜ガス株式会社,0.000507,0.000541,2021,,,,,,
A0641,株式会社三河の山里コミュニティパワー,0.000502,0.000453,2018,,,,,,
A0641,株式会社三河の山里コミュニティパワー,0.000502,0.000543,2019,,,,,,
A0641,株式会社三河の山里コミュニティパワー,0.000447,0.000392,2020,,,,,,
A0641,株式会社三河の山里コミュニティパワー,0.000364,0.000308,2021,,,,,,
A0642,新潟スワンエナジー株式会社,0.000113,0.00032,2018,,,,,,
A0642,新潟スワンエナジー株式会社,0.000103,0.00031,2019,,,,,,
A0642,新潟スワンエナジー株式会社,0.000081,0.00031,2020,,,,,,
A0642,新潟スワンエナジー株式会社,0.000103,0.000324,2021,,,,,,
A0643,,,,2018,,,,,,
A0643,,,,2019,,,,,,
A0643,,,,2020,,,,,,
A0643,,,,2021,,,,,,
A0644,グリーンピープルズパワー株式会社,0.000516,0.000538,2018,,,,,,
A0644,グリーンピープルズパワー株式会社,0.000467,0.00053,2019,,,,,,
A0644,グリーンピープルズパワー株式会社,0.000364,0.000457,2020,,,,,,
A0644,グリーンピープルズパワー株式会社,0.000256,0.000512,2021,,,,,,
A0645,,,,2018,,,,,,
A0645,,,,2019,,,,,,
A0645,,,,2020,,,,,,
A0645,,,,2021,,,,,,
A0646,,,,2018,,,,,,
A0646,,,,2019,,,,,,
A0646,,,,2020,,,,,,
A0646,,,,2021,,,,,,
A0647,レネックス電力合同会社,,,2018,,,,,,
A0647,レネックス電力合同会社,,,2019,,,,,,
A0647,レネックス電力合同会社,,,2020,,,,,,
A0647,レネックス電力合同会社,0.000563,0.000488,2021,,,,,,
A0648,株式会社マルイファシリティーズ,,,2018,,,,,,
A0648,株式会社マルイファシリティーズ,0.00047,0.000411,2019,,,,,,
A0648,株式会社マルイファシリティーズ,0.00047,0.000411,2020,,,,,,
A0648,株式会社マルイファシリティーズ,0.000097,0.000427,2021,,,,,,
A0649,株式会社デンケン,0.000511,0.000536,2018,,,,,,
A0649,株式会社デンケン,0.000486,0.000507,2019,,,,,,
A0649,株式会社デンケン,0.000476,0.000505,2020,,,,,,
A0649,株式会社デンケン,0.000434,0.000424,2021,,,,,,
A0650,株式会社東名,0.000486,0.000506,2018,,,,,,
A0650,株式会社東名,0.000611,0.000648,2019,,,,,,
A0650,株式会社東名,0.000587,0.000632,2020,,,,,,
A0650,株式会社東名,0.000513,0.000552,2021,,,,,,
A0651,,,,2018,,,,,,
A0651,,,,2019,,,,,,
A0651,,,,2020,,,,,,
A0651,,,,2021,,,,,,
A0652,北海道電力コクリエーション株式会社,0.000911,0.000862,2018,,,,,,
A0652,北海道電力コクリエーション株式会社,0.000685,0.000636,2019,,,,,,
A0652,北海道電力コクリエーション株式会社,57,0.000515,2020,,,,,,
A0652,北海道電力コクリエーション株式会社,0.00071,0.000654,2021,,,,,,
A0653,ＮＴＴアノードエナジー株式会社,,,2018,,,,,,
A0653,ＮＴＴアノードエナジー株式会社,,,2019,,,,,,
A0653,ＮＴＴアノードエナジー株式会社,,,2020,,,,,,
A0653,ＮＴＴアノードエナジー株式会社,0.000453,0.000106,2021,,,,,,
A0654,スマート電気株式会社,,,2018,,,,,,
A0654,スマート電気株式会社,,,2019,,,,,,
A0654,スマート電気株式会社,,,2020,,,,,,
A0654,スマート電気株式会社,0.000476,0.000724,2021,,,,,,
A0655,株式会社唐津パワーホールディングス,0.000515,0.000466,2018,,,,,,
A0655,株式会社唐津パワーホールディングス,0.000514,0.000465,2019,,,,,,
A0655,株式会社唐津パワーホールディングス,0.000462,0.000422,2020,,,,,,
A0655,株式会社唐津パワーホールディングス,0.000486,0.0005,2021,,,,,,
A0656,株式会社クリーンエネルギー総合研究所,,,2018,,,,,,
A0656,株式会社クリーンエネルギー総合研究所,0.000544,0.000489,2019,,,,,,
A0656,株式会社クリーンエネルギー総合研究所,0.000544,0.000489,2020,,,,,,
A0656,株式会社クリーンエネルギー総合研究所,0.000471,0.000489,2021,,,,,,
A0657,,,,2018,,,,,,
A0657,,,,2019,,,,,,
A0657,,,,2020,,,,,,
A0657,,,,2021,,,,,,
A0658,,,,2018,,,,,,
A0658,,,,2019,,,,,,
A0658,,,,2020,,,,,,
A0658,,,,2021,,,,,,
A0659,株式会社かづのパワー,,,2018,,,,,,
A0659,株式会社かづのパワー,0.00007,0.000421,2019,,,,,,
A0659,株式会社かづのパワー,0.00007,0.000421,2020,,,,,,
A0659,株式会社かづのパワー,,,2021,,,,,,
A0660,UNIVERGY株式会社,,,2018,,,,,,
A0660,UNIVERGY株式会社,0.000508,0.00047,2019,,,,,,
A0660,UNIVERGY株式会社,0.000508,0.000473,2020,,,,,,
A0660,UNIVERGY株式会社,0.000415,0.000391,2021,,,,,,
A0661,JR西日本住宅サービス株式会社,,,2018,,,,,,
A0661,JR西日本住宅サービス株式会社,0.000394,0.000339,2019,,,,,,
A0661,JR西日本住宅サービス株式会社,0.000394,0.000339,2020,,,,,,
A0661,JR西日本住宅サービス株式会社,0.000347,0.000291,2021,,,,,,
A0662,,,,2018,,,,,,
A0662,,,,2019,,,,,,
A0662,,,,2020,,,,,,
A0662,,,,2021,,,,,,
A0663,株式会社アイキューブ・マーケティング,,,2018,,,,,,
A0663,株式会社アイキューブ・マーケティング,,,2019,,,,,,
A0663,株式会社アイキューブ・マーケティング,,,2020,,,,,,
A0663,株式会社アイキューブ・マーケティング,0.000373,0.000317,2021,,,,,,
A0664,デジタルグリッド株式会社,0.000436,0,2018,,,,,,
A0664,デジタルグリッド株式会社,0.000498,0.000503,2019,,,,,,
A0664,デジタルグリッド株式会社,0.000493,0.000503,2020,,,,,,
A0664,デジタルグリッド株式会社,0.000467,0.000355,2021,,,,,,
A0665,,,,2018,,,,,,
A0665,,,,2019,,,,,,
A0665,,,,2020,,,,,,
A0665,,,,2021,,,,,,
A0666,株式会社西九州させぼパワーズ,,,2018,,,,,,
A0666,株式会社西九州させぼパワーズ,0.000457,0.000464,2019,,,,,,
A0666,株式会社西九州させぼパワーズ,0.000457,0.000464,2020,,,,,,
A0666,株式会社西九州させぼパワーズ,0.000238,0.000162,2021,,,,,,
A0667,たんたんエナジー株式会社,0,0,2018,,,,,,
A0667,たんたんエナジー株式会社,0,0.000433,2019,,,,,,
A0667,たんたんエナジー株式会社,0,0.000433,2020,,,,,,
A0667,たんたんエナジー株式会社,0,0,2021,,,,,,
A0668,株式会社能勢・豊能まち作り,,,2018,,,,,,
A0668,株式会社能勢・豊能まち作り,0.000062,0.000409,2019,,,,,,
A0668,株式会社能勢・豊能まち作り,0.000062,0.000409,2020,,,,,,
A0668,株式会社能勢・豊能まち作り,0.000206,0.000444,2021,,,,,,
A0669,,,,2018,,,,,,
A0669,,,,2019,,,,,,
A0669,,,,2020,,,,,,
A0669,,,,2021,,,,,,
A0670,株式会社再エネ思考電力,,,2018,,,,,,
A0670,株式会社再エネ思考電力,0.000564,0.000725,2019,,,,,,
A0670,株式会社再エネ思考電力,0.000564,0.000725,2020,,,,,,
A0670,株式会社再エネ思考電力,0.000453,0.00047,2021,,,,,,
A0671,株式会社スマート,,,2018,,,,,,
A0671,株式会社スマート,0.000444,0.000389,2019,,,,,,
A0671,株式会社スマート,0.000444,0.000389,2020,,,,,,
A0671,株式会社スマート,0.000475,0.000419,2021,,,,,,
A0672,,,,2018,,,,,,
A0672,,,,2019,,,,,,
A0672,,,,2020,,,,,,
A0672,,,,2021,,,,,,
A0673,株式会社ジャパネットサービスイノベーション,,,2018,,,,,,
A0673,株式会社ジャパネットサービスイノベーション,0.000501,0.000446,2019,,,,,,
A0673,株式会社ジャパネットサービスイノベーション,0.000501,0.000446,2020,,,,,,
A0673,株式会社ジャパネットサービスイノベーション,0.000611,0.000555,2021,,,,,,
A0674,,,,2018,,,,,,
A0674,,,,2019,,,,,,
A0674,,,,2020,,,,,,
A0674,,,,2021,,,,,,
A0675,株式会社リクルート,,,2018,,,,,,
A0675,株式会社リクルート,0.000523,0.000548,2019,,,,,,
A0675,株式会社リクルート,0.000523,0.000548,2020,,,,,,
A0675,株式会社リクルート,0.000507,0.000557,2021,,,,,,
A0676,香川テレビ放送網株式会社,,,2018,,,,,,
A0676,香川テレビ放送網株式会社,0.000576,0.000608,2019,,,,,,
A0676,香川テレビ放送網株式会社,0.000576,0.000608,2020,,,,,,
A0676,香川テレビ放送網株式会社,0.000516,0.000478,2021,,,,,,
A0677,株式会社しおさい電力,,,2018,,,,,,
A0677,株式会社しおさい電力,0.000561,0.000565,2019,,,,,,
A0677,株式会社しおさい電力,0.000561,0.000565,2020,,,,,,
A0677,株式会社しおさい電力,0.000509,0.000498,2021,,,,,,
A0678,アスエネ株式会社,,,2018,,,,,,
A0678,アスエネ株式会社,0.00047,0.000202,2019,,,,,,
A0678,アスエネ株式会社,0.00047,0.000202,2020,,,,,,
A0678,アスエネ株式会社,0.000113,0.00044,2021,,,,,,
A0679,TEPCOライフサービス株式会社,0.000491,0.000491,2018,,,,,,
A0679,TEPCOライフサービス株式会社,0.000516,0.000516,2019,,,,,,
A0679,TEPCOライフサービス株式会社,0.000469,0.000422,2020,,,,,,
A0679,TEPCOライフサービス株式会社,0.000493,0.000444,2021,,,,,,
A0680,会津エナジー株式会社,,,2018,,,,,,
A0680,会津エナジー株式会社,,,2019,,,,,,
A0680,会津エナジー株式会社,,,2020,,,,,,
A0680,会津エナジー株式会社,0.0001,0.000505,2021,,,,,,
A0681,うべ未来エネルギー株式会社,,,2018,,,,,,
A0681,うべ未来エネルギー株式会社,0.000134,0.000448,2019,,,,,,
A0681,うべ未来エネルギー株式会社,0.000134,0.000448,2020,,,,,,
A0681,うべ未来エネルギー株式会社,0.000297,0.000491,2021,,,,,,
A0682,,,,2018,,,,,,
A0682,,,,2019,,,,,,
A0682,,,,2020,,,,,,
A0682,,,,2021,,,,,,
A0683,永井自動車工業株式会社,,,2018,,,,,,
A0683,永井自動車工業株式会社,,,2019,,,,,,
A0683,永井自動車工業株式会社,,,2020,,,,,,
A0683,永井自動車工業株式会社,0.000473,0.000417,2021,,,,,,
A0684,小島電機工業株式会社,,,2018,,,,,,
A0684,小島電機工業株式会社,0.000449,0.000394,2019,,,,,,
A0684,小島電機工業株式会社,0.000478,0.000504,2020,,,,,,
A0684,小島電機工業株式会社,0.000515,0.000567,2021,,,,,,
A0685,陸前高田しみんエネルギー株式会社,,,2018,,,,,,
A0685,陸前高田しみんエネルギー株式会社,0.000514,0.000543,2019,,,,,,
A0685,陸前高田しみんエネルギー株式会社,0.000514,0.000543,2020,,,,,,
A0685,陸前高田しみんエネルギー株式会社,0.000493,0.000517,2021,,,,,,
A0686,,,,2018,,,,,,
A0686,,,,2019,,,,,,
A0686,,,,2020,,,,,,
A0686,,,,2021,,,,,,
A0687,株式会社チャームドライフ,,,2018,,,,,,
A0687,株式会社チャームドライフ,0.00048,0.000502,2019,,,,,,
A0687,株式会社チャームドライフ,0.00048,0.000502,2020,,,,,,
A0687,株式会社チャームドライフ,0.000473,0.000514,2021,,,,,,
A0688,,,,2018,,,,,,
A0688,,,,2019,,,,,,
A0688,,,,2020,,,,,,
A0688,,,,2021,,,,,,
A0689,スターティア株式会社,,,2018,,,,,,
A0689,スターティア株式会社,0.000569,0.000602,2019,,,,,,
A0689,スターティア株式会社,0.000569,0.000602,2020,,,,,,
A0689,スターティア株式会社,0.000516,0.000568,2021,,,,,,
A0690,東広島スマートエネルギー株式会社,,,2018,,,,,,
A0690,東広島スマートエネルギー株式会社,0.00065,0.000596,2019,,,,,,
A0690,東広島スマートエネルギー株式会社,0.00065,0.000596,2020,,,,,,
A0690,東広島スマートエネルギー株式会社,0.000569,0.000444,2021,,,,,,
A0691,,,,2018,,,,,,
A0691,,,,2019,,,,,,
A0691,,,,2020,,,,,,
A0691,,,,2021,,,,,,
A0692,旭化成株式会社,,,2018,,,,,,
A0692,旭化成株式会社,0.000463,0.000382,2019,,,,,,
A0692,旭化成株式会社,0.000464,0.000382,2020,,,,,,
A0692,旭化成株式会社,0.000477,0.000507,2021,,,,,,
A0693,京和ガス株式会社,,,2018,,,,,,
A0693,京和ガス株式会社,0.000646,0.000591,2019,,,,,,
A0693,京和ガス株式会社,0.000646,0.000591,2020,,,,,,
A0693,京和ガス株式会社,0.000515,0.000459,2021,,,,,,
A0694,,,,2018,,,,,,
A0694,,,,2019,,,,,,
A0694,,,,2020,,,,,,
A0694,,,,2021,,,,,,
A0695,ＫＭパワー株式会社,,,2018,,,,,,
A0695,ＫＭパワー株式会社,0.000468,0.000468,2019,,,,,,
A0695,ＫＭパワー株式会社,0.000468,0.000468,2020,,,,,,
A0695,ＫＭパワー株式会社,,,2021,,,,,,
A0696,株式会社岡崎建材,,,2018,,,,,,
A0696,株式会社岡崎建材,0.000601,0.000546,2019,,,,,,
A0696,株式会社岡崎建材,0.000601,0.000546,2020,,,,,,
A0696,株式会社岡崎建材,0.000493,0.000437,2021,,,,,,
A0697,,,,2018,,,,,,
A0697,,,,2019,,,,,,
A0697,,,,2020,,,,,,
A0697,,,,2021,,,,,,
A0698,株式会社エフオン,,,2018,,,,,,
A0698,株式会社エフオン,0.00047,0.000307,2019,,,,,,
A0698,株式会社エフオン,0.00047,0.000307,2020,,,,,,
A0698,株式会社エフオン,0.000453,0.000416,2021,,,,,,
A0699,株式会社岡崎さくら電力,,,2018,,,,,,
A0699,株式会社岡崎さくら電力,0.000123,0.000304,2019,,,,,,
A0699,株式会社岡崎さくら電力,0.000123,0.000304,2020,,,,,,
A0699,株式会社岡崎さくら電力,0.000185,0.000317,2021,,,,,,
A0700,,,,2018,,,,,,
A0700,,,,2019,,,,,,
A0700,,,,2020,,,,,,
A0700,,,,2021,,,,,,
A0701,,,,2018,,,,,,
A0701,,,,2019,,,,,,
A0701,,,,2020,,,,,,
A0701,,,,2021,,,,,,
A0702,旭マルヰガス株式会社,,,2018,,,,,,
A0702,旭マルヰガス株式会社,0.00063,0.000659,2019,,,,,,
A0702,旭マルヰガス株式会社,0.00063,0.000659,2020,,,,,,
A0702,旭マルヰガス株式会社,0.000516,0.000561,2021,,,,,,
A0703,ＪＲＥトレーディング株式会社,,,2018,,,,,,
A0703,ＪＲＥトレーディング株式会社,,,2019,,,,,,
A0703,ＪＲＥトレーディング株式会社,,,2020,,,,,,
A0703,ＪＲＥトレーディング株式会社,0.000453,0.000709,2021,,,,,,
A0704,Ｃａｓｔｌｅｔｏｎ　Ｃｏｍｍｏｄｉｔｉｅｓ　Ｊａｐａｎ合同会社,,,2018,,,,,,
A0704,Ｃａｓｔｌｅｔｏｎ　Ｃｏｍｍｏｄｉｔｉｅｓ　Ｊａｐａｎ合同会社,0.000462,0.000408,2019,,,,,,
A0704,Ｃａｓｔｌｅｔｏｎ　Ｃｏｍｍｏｄｉｔｉｅｓ　Ｊａｐａｎ合同会社,0.000462,0.000408,2020,,,,,,
A0704,Ｃａｓｔｌｅｔｏｎ　Ｃｏｍｍｏｄｉｔｉｅｓ　Ｊａｐａｎ合同会社,0.000205,0.000149,2021,,,,,,
A0705,神戸電力株式会社,,,2018,,,,,,
A0705,神戸電力株式会社,0.000645,0.00059,2019,,,,,,
A0705,神戸電力株式会社,0.000645,0.00059,2020,,,,,,
A0705,神戸電力株式会社,0.000618,0.000692,2021,,,,,,
A0706,,,,2018,,,,,,
A0706,,,,2019,,,,,,
A0706,,,,2020,,,,,,
A0706,,,,2021,,,,,,
A0707,,,,2018,,,,,,
A0707,,,,2019,,,,,,
A0707,,,,2020,,,,,,
A0707,,,,2021,,,,,,
A0708,エア・ウォーター北海道株式会社,,,2018,,,,,,
A0708,エア・ウォーター北海道株式会社,0.001092,0.001037,2019,,,,,,
A0708,エア・ウォーター北海道株式会社,0.001092,0.001037,2020,,,,,,
A0708,エア・ウォーター北海道株式会社,0.000603,0.000547,2021,,,,,,
A0709,生活協同組合ひろしま,,,2018,,,,,,
A0709,生活協同組合ひろしま,0.000381,0.000343,2019,,,,,,
A0709,生活協同組合ひろしま,0.000381,0.000343,2020,,,,,,
A0709,生活協同組合ひろしま,0.000367,0.000342,2021,,,,,,
A0710,株式会社京楽産業ホールディングス,,,2018,,,,,,
A0710,株式会社京楽産業ホールディングス,,,2019,,,,,,
A0710,株式会社京楽産業ホールディングス,,,2020,,,,,,
A0710,株式会社京楽産業ホールディングス,0.000483,0.00053,2021,,,,,,
A0711,株式会社RenoLabo,,,2018,,,,,,
A0711,株式会社RenoLabo,0.000514,0.000544,2019,,,,,,
A0711,株式会社RenoLabo,0.000514,0.000544,2020,,,,,,
A0711,株式会社RenoLabo,0.00051,0.000563,2021,,,,,,
A0712,アークエルテクノロジーズ株式会社,,,2018,,,,,,
A0712,アークエルテクノロジーズ株式会社,0.000495,0,2019,,,,,,
A0712,アークエルテクノロジーズ株式会社,0.000495,0,2020,,,,,,
A0712,アークエルテクノロジーズ株式会社,0.000513,0,2021,,,,,,
A0713,弥富ガス協同組合,,,2018,,,,,,
A0713,弥富ガス協同組合,0.000602,0.00064,2019,,,,,,
A0713,弥富ガス協同組合,0.000602,0.00064,2020,,,,,,
A0713,弥富ガス協同組合,0.000525,0.00057,2021,,,,,,
A0714,エルメック株式会社,,,2018,,,,,,
A0714,エルメック株式会社,0.000626,0.000571,2019,,,,,,
A0714,エルメック株式会社,0.000626,0.00571,2020,,,,,,
A0714,エルメック株式会社,0.000391,0.000335,2021,,,,,,
A0715,株式会社オズエナジー,,,2018,,,,,,
A0715,株式会社オズエナジー,0.000449,0.000394,2019,,,,,,
A0715,株式会社オズエナジー,0.000478,0.000504,2020,,,,,,
A0715,株式会社オズエナジー,0.000496,0.000543,2021,,,,,,
A0716,レモンガス株式会社,,,2018,,,,,,
A0716,レモンガス株式会社,,,2019,,,,,,
A0716,レモンガス株式会社,,,2020,,,,,,
A0716,レモンガス株式会社,0.00046,0.000404,2021,,,,,,
A0717,,,,2018,,,,,,
A0717,,,,2019,,,,,,
A0717,,,,2020,,,,,,
A0717,,,,2021,,,,,,
A0718,株式会社日本海水,,,2018,,,,,,
A0718,株式会社日本海水,,,2019,,,,,,
A0718,株式会社日本海水,,,2020,,,,,,
A0718,株式会社日本海水,0.000374,0.000318,2021,,,,,,
A0719,,,,2018,,,,,,
A0719,,,,2019,,,,,,
A0719,,,,2020,,,,,,
A0719,,,,2021,,,,,,
A0720,株式会社ａｆｔｅｒＦＩＴ ,,,2018,,,,,,
A0720,株式会社ａｆｔｅｒＦＩＴ ,0.000497,0,2019,,,,,,
A0720,株式会社ａｆｔｅｒＦＩＴ ,0.000497,0,2020,,,,,,
A0720,株式会社ａｆｔｅｒＦＩＴ ,0.000496,0,2021,,,,,,
A0721,中小企業支援株式会社,,,2018,,,,,,
A0721,中小企業支援株式会社,0.000791,0.000869,2019,,,,,,
A0721,中小企業支援株式会社,0.000791,0.000869,2020,,,,,,
A0721,中小企業支援株式会社,0.000538,0.000595,2021,,,,,,
A0722,サントラベラーズサービス有限会社,,,2018,,,,,,
A0722,サントラベラーズサービス有限会社,0.000552,0.000497,2019,,,,,,
A0722,サントラベラーズサービス有限会社,0.000552,0.000497,2020,,,,,,
A0722,サントラベラーズサービス有限会社,0.000514,0.000458,2021,,,,,,
A0723,,,,2018,,,,,,
A0723,,,,2019,,,,,,
A0723,,,,2020,,,,,,
A0723,,,,2021,,,,,,
A0724,,,,2018,,,,,,
A0724,,,,2019,,,,,,
A0724,,,,2020,,,,,,
A0724,,,,2021,,,,,,
A0725,合同会社Ｐｅａｋ８,,,2018,,,,,,
A0725,合同会社Ｐｅａｋ８,,,2019,,,,,,
A0725,合同会社Ｐｅａｋ８,,,2020,,,,,,
A0725,合同会社Ｐｅａｋ８,0.000475,0.000419,2021,,,,,,
A0726,八千代エンジニヤリング株式会社,,,2018,,,,,,
A0726,八千代エンジニヤリング株式会社,,,2019,,,,,,
A0726,八千代エンジニヤリング株式会社,,,2020,,,,,,
A0726,八千代エンジニヤリング株式会社,0.000478,0,2021,,,,,,
A0727,,,,2018,,,,,,
A0727,,,,2019,,,,,,
A0727,,,,2020,,,,,,
A0727,,,,2021,,,,,,
A0728,,,,2018,,,,,,
A0728,,,,2019,,,,,,
A0728,,,,2020,,,,,,
A0728,,,,2021,,,,,,
A0729,神楽電力株式会社,,,2018,,,,,,
A0729,神楽電力株式会社,0.000478,0.000504,2019,,,,,,
A0729,神楽電力株式会社,0.000478,0.000504,2020,,,,,,
A0729,神楽電力株式会社,0.000449,0.000557,2021,,,,,,
A0730,ゆきぐに新電力株式会社,,,2018,,,,,,
A0730,ゆきぐに新電力株式会社,,,2019,,,,,,
A0730,ゆきぐに新電力株式会社,,,2020,,,,,,
A0730,ゆきぐに新電力株式会社,0.000522,0.000469,2021,,,,,,
A0731,,,,2018,,,,,,
A0731,,,,2019,,,,,,
A0731,,,,2020,,,,,,
A0731,,,,2021,,,,,,
A0732,株式会社ながさきサステナエナジー,,,2018,,,,,,
A0732,株式会社ながさきサステナエナジー,0.00005,0.000412,2019,,,,,,
A0732,株式会社ながさきサステナエナジー,0.00005,0.000412,2020,,,,,,
A0732,株式会社ながさきサステナエナジー,0.000081,0,2021,,,,,,
A0733,,,,2018,,,,,,
A0733,,,,2019,,,,,,
A0733,,,,2020,,,,,,
A0733,,,,2021,,,,,,
A0734,株式会社Ｉ＆Ｉ,,,2018,,,,,,
A0734,株式会社Ｉ＆Ｉ,,,2019,,,,,,
A0734,株式会社Ｉ＆Ｉ,,,2020,,,,,,
A0734,株式会社Ｉ＆Ｉ,0.000532,0.000476,2021,,,,,,
A0735,,,,2018,,,,,,
A0735,,,,2019,,,,,,
A0735,,,,2020,,,,,,
A0735,,,,2021,,,,,,
A0736,,,,2018,,,,,,
A0736,,,,2019,,,,,,
A0736,,,,2020,,,,,,
A0736,,,,2021,,,,,,
A0737,,,,2018,,,,,,
A0737,,,,2019,,,,,,
A0737,,,,2020,,,,,,
A0737,,,,2021,,,,,,
A0738,株式会社グルーヴエナジー,,,2018,,,,,,
A0738,株式会社グルーヴエナジー,,,2019,,,,,,
A0738,株式会社グルーヴエナジー,,,2020,,,,,,
A0738,株式会社グルーヴエナジー,0.00057,0.000617,2021,,,,,,
A0739,高知ニューエナジー株式会社,,,2018,,,,,,
A0739,高知ニューエナジー株式会社,0.000481,0.0005,2019,,,,,,
A0739,高知ニューエナジー株式会社,0.000481,0.0005,2020,,,,,,
A0739,高知ニューエナジー株式会社,0.000466,0.000486,2021,,,,,,
A0740,もみじ電力株式会社,,,2018,,,,,,
A0740,もみじ電力株式会社,0.00047,0.000423,2019,,,,,,
A0740,もみじ電力株式会社,0.00047,0.000423,2020,,,,,,
A0740,もみじ電力株式会社,0.000498,0.000442,2021,,,,,,
A0741,Nature株式会社,,,2018,,,,,,
A0741,Nature株式会社,0.000747,0.000799,2019,,,,,,
A0741,Nature株式会社,0.000747,0.000799,2020,,,,,,
A0741,Nature株式会社,,,2021,,,,,,
A0742,株式会社縁人,,,2018,,,,,,
A0742,株式会社縁人,,,2019,,,,,,
A0742,株式会社縁人,,,2020,,,,,,
A0742,株式会社縁人,0.000585,0.000623,2021,,,,,,
A0743,T＆Tエナジー株式会社,,,2018,,,,,,
A0743,T＆Tエナジー株式会社,0.000554,0.000499,2019,,,,,,
A0743,T＆Tエナジー株式会社,0.000554,0.000499,2020,,,,,,
A0743,T＆Tエナジー株式会社,0.000493,0.000437,2021,,,,,,
A0744,株式会社ルーク,,,2018,,,,,,
A0744,株式会社ルーク,,,2019,,,,,,
A0744,株式会社ルーク,,,2020,,,,,,
A0744,株式会社ルーク,0.000447,0.000439,2021,,,,,,
A0745,株式会社ふくしま未来パワー,,,2018,,,,,,
A0745,株式会社ふくしま未来パワー,,,2019,,,,,,
A0745,株式会社ふくしま未来パワー,,,2020,,,,,,
A0745,株式会社ふくしま未来パワー,0.000453,0.000787,2021,,,,,,
A0746,かけがわ報徳パワー株式会社,,,2018,,,,,,
A0746,かけがわ報徳パワー株式会社,,,2019,,,,,,
A0746,かけがわ報徳パワー株式会社,,,2020,,,,,,
A0746,かけがわ報徳パワー株式会社,0.00047,0.00052,2021,,,,,,
A0747,ＳｕｓｔａｉｎａｂｌｅＥｎｅｒｇｙ株式会社,,,2018,,,,,,
A0747,ＳｕｓｔａｉｎａｂｌｅＥｎｅｒｇｙ株式会社,,,2019,,,,,,
A0747,ＳｕｓｔａｉｎａｂｌｅＥｎｅｒｇｙ株式会社,,,2020,,,,,,
A0747,ＳｕｓｔａｉｎａｂｌｅＥｎｅｒｇｙ株式会社,0.00056,0.000545,2021,,,,,,
A0748,穂の国とよはし電力株式会社,,,2018,,,,,,
A0748,穂の国とよはし電力株式会社,0.000085,0.000388,2019,,,,,,
A0748,穂の国とよはし電力株式会社,0.000085,0.000388,2020,,,,,,
A0748,穂の国とよはし電力株式会社,0.000122,0.000311,2021,,,,,,
A0749,,,,2018,,,,,,
A0749,,,,2019,,,,,,
A0749,,,,2020,,,,,,
A0749,,,,2021,,,,,,
A0750,,,,2018,,,,,,
A0750,,,,2019,,,,,,
A0750,,,,2020,,,,,,
A0750,,,,2021,,,,,,
A0751,,,,2018,,,,,,
A0751,,,,2019,,,,,,
A0751,,,,2020,,,,,,
A0751,,,,2021,,,,,,
A0752,イワタニセントラル北海道株式会社,,,2018,,,,,,
A0752,イワタニセントラル北海道株式会社,,,2019,,,,,,
A0752,イワタニセントラル北海道株式会社,,,2020,,,,,,
A0752,イワタニセントラル北海道株式会社,0.001099,0.001043,2021,,,,,,
A0753,ホームタウンエナジー株式会社,,,2018,,,,,,
A0753,ホームタウンエナジー株式会社,,,2019,,,,,,
A0753,ホームタウンエナジー株式会社,,,2020,,,,,,
A0753,ホームタウンエナジー株式会社,0.000448,0.000392,2021,,,,,,
A0754,株式会社彩の国でんき,,,2018,,,,,,
A0754,株式会社彩の国でんき,,,2019,,,,,,
A0754,株式会社彩の国でんき,,,2020,,,,,,
A0754,株式会社彩の国でんき,0.000404,0.000577,2021,,,,,,
A0755,,,,2018,,,,,,
A0755,,,,2019,,,,,,
A0755,,,,2020,,,,,,
A0755,,,,2021,,,,,,
A0756,株式会社ホープエナジー,,,2018,,,,,,
A0756,株式会社ホープエナジー,,,2019,,,,,,
A0756,株式会社ホープエナジー,,,2020,,,,,,
A0756,株式会社ホープエナジー,0.000468,0.000472,2021,,,,,,
A0757,,,,2018,,,,,,
A0757,,,,2019,,,,,,
A0757,,,,2020,,,,,,
A0757,,,,2021,,,,,,
A0758,,,,2018,,,,,,
A0758,,,,2019,,,,,,
A0758,,,,2020,,,,,,
A0758,,,,2021,,,,,,
A0759,株式会社クリーンベンチャー２１,,,2018,,,,,,
A0759,株式会社クリーンベンチャー２１,,,2019,,,,,,
A0759,株式会社クリーンベンチャー２１,,,2020,,,,,,
A0759,株式会社クリーンベンチャー２１,0.000533,0.000584,2021,,,,,,
A0760,三河商事株式会社,,,2018,,,,,,
A0760,三河商事株式会社,,,2019,,,,,,
A0760,三河商事株式会社,,,2020,,,,,,
A0760,三河商事株式会社,0.0005,0.000596,2021,,,,,,
A0761,株式会社みとや,,,2018,,,,,,
A0761,株式会社みとや,,,2019,,,,,,
A0761,株式会社みとや,,,2020,,,,,,
A0761,株式会社みとや,0.00047,0.000414,2021,,,,,,
A0762,三州電力株式会社,,,2018,,,,,,
A0762,三州電力株式会社,,,2019,,,,,,
A0762,三州電力株式会社,,,2020,,,,,,
A0762,三州電力株式会社,0.00053,0.000474,2021,,,,,,
A0763,フラットエナジー株式会社,,,2018,,,,,,
A0763,フラットエナジー株式会社,,,2019,,,,,,
A0763,フラットエナジー株式会社,,,2020,,,,,,
A0763,フラットエナジー株式会社,0.000548,0.000601,2021,,,,,,
A0764,沖縄新エネ開発株式会社,,,2018,,,,,,
A0764,沖縄新エネ開発株式会社,,,2019,,,,,,
A0764,沖縄新エネ開発株式会社,,,2020,,,,,,
A0764,沖縄新エネ開発株式会社,0.0005,0.000608,2021,,,,,,
A0765,,,,2018,,,,,,
A0765,,,,2019,,,,,,
A0765,,,,2020,,,,,,
A0765,,,,2021,,,,,,
A0766,つづくみらいエナジー株式会社,,,2018,,,,,,
A0766,つづくみらいエナジー株式会社,,,2019,,,,,,
A0766,つづくみらいエナジー株式会社,,,2020,,,,,,
A0766,つづくみらいエナジー株式会社,0.000048,0.000282,2021,,,,,,
A0767,,,,2018,,,,,,
A0767,,,,2019,,,,,,
A0767,,,,2020,,,,,,
A0767,,,,2021,,,,,,
A0768,,,,2018,,,,,,
A0768,,,,2019,,,,,,
A0768,,,,2020,,,,,,
A0768,,,,2021,,,,,,
A0769,株式会社中庄商店,,,2018,,,,,,
A0769,株式会社中庄商店,,,2019,,,,,,
A0769,株式会社中庄商店,,,2020,,,,,,
A0769,株式会社中庄商店,0.000323,0.000266,2021,,,,,,
A0770,株式会社ほくだん,,,2018,,,,,,
A0770,株式会社ほくだん,,,2019,,,,,,
A0770,株式会社ほくだん,,,2020,,,,,,
A0770,株式会社ほくだん,0.000483,0.000449,2021,,,,,,
A0771,,,,2018,,,,,,
A0771,,,,2019,,,,,,
A0771,,,,2020,,,,,,
A0771,,,,2021,,,,,,
A0772,,,,2018,,,,,,
A0772,,,,2019,,,,,,
A0772,,,,2020,,,,,,
A0772,,,,2021,,,,,,
A0773,,,,2018,,,,,,
A0773,,,,2019,,,,,,
A0773,,,,2020,,,,,,
A0773,,,,2021,,,,,,
A0774,株式会社コノミヤホールディングス,,,2018,,,,,,
A0774,株式会社コノミヤホールディングス,,,2019,,,,,,
A0774,株式会社コノミヤホールディングス,,,2020,,,,,,
A0774,株式会社コノミヤホールディングス,0.000503,0.000447,2021,,,,,,
A0775,,,,2018,,,,,,
A0775,,,,2019,,,,,,
A0775,,,,2020,,,,,,
A0775,,,,2021,,,,,,
A0776,自由でんき株式会社,,,2018,,,,,,
A0776,自由でんき株式会社,,,2019,,,,,,
A0776,自由でんき株式会社,,,2020,,,,,,
A0776,自由でんき株式会社,0.000328,0.000272,2021,,,,,,
A0777,,,,2018,,,,,,
A0777,,,,2019,,,,,,
A0777,,,,2020,,,,,,
A0777,,,,2021,,,,,,
A0778,,,,2018,,,,,,
A0778,,,,2019,,,,,,
A0778,,,,2020,,,,,,
A0778,,,,2021,,,,,,
A0779,,,,2018,,,,,,
A0779,,,,2019,,,,,,
A0779,,,,2020,,,,,,
A0779,,,,2021,,,,,,
A0780,株式会社ビジョン,,,2018,,,,,,
A0780,株式会社ビジョン,,,2019,,,,,,
A0780,株式会社ビジョン,,,2020,,,,,,
A0780,株式会社ビジョン,0.000379,0.000323,2021,,,,,,
A0781,株式会社丸の内電力,,,2018,,,,,,
A0781,株式会社丸の内電力,,,2019,,,,,,
A0781,株式会社丸の内電力,,,2020,,,,,,
A0781,株式会社丸の内電力,0.000589,0.000663,2021,,,,,,
A0782,西川建材工業株式会社,,,2018,,,,,,
A0782,西川建材工業株式会社,,,2019,,,,,,
A0782,西川建材工業株式会社,,,2020,,,,,,
A0782,西川建材工業株式会社,0.000784,0.000731,2021,,,,,,
A0783,株式会社中京電力,,,2018,,,,,,
A0783,株式会社中京電力,,,2019,,,,,,
A0783,株式会社中京電力,,,2020,,,,,,
A0783,株式会社中京電力,0.000555,0.000499,2021,,,,,,
A0784,,,,2018,,,,,,
A0784,,,,2019,,,,,,
A0784,,,,2020,,,,,,
A0784,,,,2021,,,,,,
A0785,株式会社クオリティプラス,,,2018,,,,,,
A0785,株式会社クオリティプラス,,,2019,,,,,,
A0785,株式会社クオリティプラス,,,2020,,,,,,
A0785,株式会社クオリティプラス,0.000551,0.000495,2021,,,,,,
A0786,Ｙ．Ｗ．Ｃ株式会社,,,2018,,,,,,
A0786,Ｙ．Ｗ．Ｃ株式会社,,,2019,,,,,,
A0786,Ｙ．Ｗ．Ｃ株式会社,,,2020,,,,,,
A0786,Ｙ．Ｗ．Ｃ株式会社,0.000562,0.000506,2021,,,,,,
A0787,,,,2018,,,,,,
A0787,,,,2019,,,,,,
A0787,,,,2020,,,,,,
A0787,,,,2021,,,,,,
A0788,,,,2018,,,,,,
A0788,,,,2019,,,,,,
A0788,,,,2020,,,,,,
A0788,,,,2021,,,,,,
A0789,,,,2018,,,,,,
A0789,,,,2019,,,,,,
A0789,,,,2020,,,,,,
A0789,,,,2021,,,,,,
A0790,,,,2018,,,,,,
A0790,,,,2019,,,,,,
A0790,,,,2020,,,,,,
A0790,,,,2021,,,,,,
A0791,,,,2018,,,,,,
A0791,,,,2019,,,,,,
A0791,,,,2020,,,,,,
A0791,,,,2021,,,,,,
A0792,,,,2018,,,,,,
A0792,,,,2019,,,,,,
A0792,,,,2020,,,,,,
A0792,,,,2021,,,,,,
A0793,ＴＧオクトパスエナジー株式会社,,,2018,,,,,,
A0793,ＴＧオクトパスエナジー株式会社,,,2019,,,,,,
A0793,ＴＧオクトパスエナジー株式会社,,,2020,,,,,,
A0793,ＴＧオクトパスエナジー株式会社,0.000394,0,2021,,,,,,
A0794,,,,2018,,,,,,
A0794,,,,2019,,,,,,
A0794,,,,2020,,,,,,
A0794,,,,2021,,,,,,
A0795,,,,2018,,,,,,
A0795,,,,2019,,,,,,
A0795,,,,2020,,,,,,
A0795,,,,2021,,,,,,
A0796,東北電力フロンティア株式会社,,,2018,,,,,,
A0796,東北電力フロンティア株式会社,,,2019,,,,,,
A0796,東北電力フロンティア株式会社,,,2020,,,,,,
A0796,東北電力フロンティア株式会社,0.000624,0.000568,2021,,,,,,
A0797,,,,2018,,,,,,
A0797,,,,2019,,,,,,
A0797,,,,2020,,,,,,
A0797,,,,2021,,,,,,
A0798,株式会社ファラデー,,,2018,,,,,,
A0798,株式会社ファラデー,,,2019,,,,,,
A0798,株式会社ファラデー,,,2020,,,,,,
A0798,株式会社ファラデー,0.000478,0.000522,2021,,,,,,
A0799,,,,2018,,,,,,
A0799,,,,2019,,,,,,
A0799,,,,2020,,,,,,
A0799,,,,2021,,,,,,
A0800,,,,2018,,,,,,
A0800,,,,2019,,,,,,
A0800,,,,2020,,,,,,
A0800,,,,2021,,,,,,
A0801,,,,2018,,,,,,
A0801,,,,2019,,,,,,
A0801,,,,2020,,,,,,
A0801,,,,2021,,,,,,
A0802,,,,2018,,,,,,
A0802,,,,2019,,,,,,
A0802,,,,2020,,,,,,
A0802,,,,2021,,,,,,
A0803,出雲ケーブルビジョン株式会社,,,2018,,,,,,
A0803,出雲ケーブルビジョン株式会社,,,2019,,,,,,
A0803,出雲ケーブルビジョン株式会社,,,2020,,,,,,
A0803,出雲ケーブルビジョン株式会社,0.000413,0.000465,2021,,,,,,
A0804,,,,2018,,,,,,
A0804,,,,2019,,,,,,
A0804,,,,2020,,,,,,
A0804,,,,2021,,,,,,
A0805,,,,2018,,,,,,
A0805,,,,2019,,,,,,
A0805,,,,2020,,,,,,
A0805,,,,2021,,,,,,
A0806,いずも縁結び電力株式会社,,,2018,,,,,,
A0806,いずも縁結び電力株式会社,,,2019,,,,,,
A0806,いずも縁結び電力株式会社,,,2020,,,,,,
A0806,いずも縁結び電力株式会社,0.000102,0.000281,2021,,,,,,
A0807,,,,2018,,,,,,
A0807,,,,2019,,,,,,
A0807,,,,2020,,,,,,
A0807,,,,2021,,,,,,
A0808,宇都宮ライトパワー株式会社,,,2018,,,,,,
A0808,宇都宮ライトパワー株式会社,,,2019,,,,,,
A0808,宇都宮ライトパワー株式会社,,,2020,,,,,,
A0808,宇都宮ライトパワー株式会社,0.000313,0.000417,2021,,,,,,
